That Awkward Moment,Desmond Schindler,6,44,107.59
Peppermint Soda (Diabolo menthe),Laney Lowndesbrough,10,45,160.25
"Perfect Couple, A",Loraine Petrelluzzi,16,34,154.21
"Hand of Death, The (Shao Lin men)",Antonetta Haysom,5,34,179.53
And Then There Was You,Dante Huzzay,6,50,89.92
Ed's Next Move,Theodoric Glazier,9,29,103.83
Blindness,Antoine Baddiley,9,73,85.18
Welcome to Woop-Woop,Maria Mohammad,15,24,121.38
Rapt,Orin Antoons,17,21,66.22
Not of This Earth,Avery How to preserve,7,56,129.64
Mega Python vs. Gatoroid,Octavia Lackie,10,62,209.31
"Cadaver Christmas, A",Nancy Percifull,19,76,56.52
Flaming Star,Willa Lyddiatt,11,56,51.36
Grand Prix,Hyacinthie Muckart,3,32,41.89
Evita,Jerrylee Kunc,6,47,174.69
All the King's Men,Kippie Nissle,5,65,141.95
"Hitman, The",Sal Casaroli,11,40,79.71
Pat Garrett and Billy the Kid,Aggie Trusler,6,65,249.08
Stella Maris,Otis Ortes,9,51,47.94
Raining Stones,Marissa Taile,17,44,197.31
Marmaduke,Austen Gwinnell,9,72,198.68
Murder on a Honeymoon,Aarika Romney,11,79,189.52
Street Kings,Clarisse Cramer,11,31,64.09
"Sun, The (Solntse)",Quintina Buddles,7,46,189.98
Imagine That,Gwyn Godard,10,77,187.52
Death of a Dynasty,Duke Tinton,9,21,218.83
"Thief of Paris, The (Le voleur)",Arty Gronauer,15,61,80.19
Flodder 3,Pattie Matushevich,10,50,148.17
"Beguiled, The",Ki Arnould,20,60,139.95
Shanghai Calling,Orion Croxford,13,66,132.81
Torrente 2: Misión Marbella,Nicolas Gabbot,8,69,224.37
Sydney White,Alistair Browett,16,61,62.38
My Friend Flicka,Verile Scipsey,3,66,68.47
To the Left of the Father (Lavoura Arcaica),Olivette Mullan,20,55,73.24
Jerusalema (Gangster's Paradise: Jerusalema),Guthry Skedgell,1,22,153.97
Todos eran culpables,Benyamin Sola,8,80,134.29
Mrs. Henderson Presents,Andrej Paffley,6,69,235.66
"Act in Question, The (Acto en cuestión, El)",Darryl Betts,6,24,192.24
"Captive, The",Gwenora Aubert,15,63,198.53
Higher Ground,Bear Ridgewell,19,39,124.36
David Cross: Bigger & Blackerer,Barry Barnet,20,42,183.64
Revenge of the Nerds IV: Nerds in Love,Steffie Bettley,9,40,233.52
Fuck,Bernette Gudger,1,57,59.33
"Horseman on the Roof, The (Hussard sur le toit, Le)",Guillema Lemonby,3,59,222.41
Voices of Iraq,Almeria Harrisson,17,54,216.47
Ten Minutes Older: The Cello,Lynda Ruoss,5,38,210.83
Desperate Search,Pearl McGinney,4,60,123.49
"Internship, The",Demetris Seamer,13,50,186.34
Men of War,Britta Blazhevich,13,28,249.75
Wild Side,Gorden Camber,9,34,137.31
Shake It (En kort en lang),Clarine Zelake,5,23,111.94
Confidentially Yours (Vivement dimanche!),Trumaine Glennie,3,44,70.96
None But the Lonely Heart,Rafaela Spirit,3,39,198.07
Black Dog,Syman Putton,16,23,195.52
Ball of Fire,Dedra Reeson,11,61,66.2
"Posto, Il",Retha Althorpe,5,54,55.83
Tango Kabaree,Harwilll Clemitt,4,70,244.76
"Christmas Carol: The Musical, A (Christmas Carol, A)",Cordie Gorvin,2,59,46.03
"Bachelor and the Bobby-Soxer, The",Karel Durant,11,20,39.67
Step Brothers,Hanson Lockie,5,38,231.39
Azumi,Jacklyn Finci,11,61,192.43
"March of the Movies (Film Parade, The)",Barbara Romanin,3,59,232.54
Mostly Martha (Bella Martha),Marietta Hawtrey,16,62,31.24
"Loves of Pharaoh, The (Das Weib des Pharao)",Delmore Whiteley,13,75,147.79
Downstairs,Anny Covelle,3,44,183.69
Devil Doll,Ephrem Doget,5,42,66.04
"What's New, Pussycat",Aili Wickliffe,1,79,103.91
Essex Boys,Benjy Algar,12,29,154.96
Main Street,Corissa Unitt,13,69,91.52
"Streetcar Named Desire, A",Risa Wallenger,18,59,64.56
Cencoroll,Elmore Lawton,17,27,242.26
"Leo's Room (Cuarto de Leo, El)",Winne Van Der Walt,3,67,97.88
"Phantom of the Opera, The",Alfons Barneville,7,41,141.61
Lovers of Hate,Linn Wykey,19,80,60.82
3-Iron (Bin-jip),Kare Phifer,1,21,125.54
Luck by Chance,Izabel Whalley,2,65,184.55
Alice in Wonderland,Gareth Standish,13,51,197.09
Sahara,Earlie Bigg,16,31,200.74
Better Than Chocolate,Shandra Slorach,13,28,223.95
Dolphin Tale 2,Felicle Rainton,5,22,115.28
Rovaniemen markkinoilla,Sigfried Talboy,8,37,196.3
"Two Women (Ciociara, La)",Britt Balleine,2,43,234.09
Glowing Stars,Bliss Gershom,19,26,66.12
"Edge of the World, The",Shepard Toomer,20,57,131.15
"Wash, The",Alexine Pim,4,63,240.93
Lupin III: The Castle Of Cagliostro (Rupan sansei: Kariosutoro no shiro),Cortie Froom,16,59,151.64
Flu Bird,Dannie Carthy,12,56,77.61
Cass,Pamella Pitkaithly,17,54,85.25
Boris Godunov,Elsy Farrar,2,51,36.56
Big Animal (Duze zwierze),Kenn Szanto,3,65,100.45
Feiern,Quint Skermer,18,48,187.1
"Jerky Boys, The",Leyla Anfosso,11,51,100.29
Fast Food,Maye Newbury,18,20,166.23
Dances with Wolves,Delcina Butterwick,17,29,235.52
"Spitfire Grill, The",Corina Fountian,1,41,248.94
Light the Fuse... Sartana Is Coming,Udall Mulvihill,13,28,218.99
Mr. 3000,Jelene Cramer,8,61,38.27
Employees' Entrance,Gilberte McNuff,14,51,98.99
"Life and Nothing But (Vie et rien d'autre, La)",Kerby Sedgeworth,18,20,132.72
Radiohead: Meeting People Is Easy,Ruby Armitt,4,80,197.08
Suzy,Brandy Wolfarth,8,71,71.85
Ways to Live Forever,Silvana Alabastar,2,79,233.57
Mercury Rising,Jolene Defrain,8,49,90.3
"Bone Collector, The",Hulda Sloane,9,67,66.36
Crave,Bobine Espinosa,17,66,87.7
"Color of Friendship, The",Micheline Struss,15,65,195.45
Soldier,Javier McDowell,6,37,62.7
One-Eyed Jacks,Sena Berr,11,53,193.99
360,Venita Fforde,14,72,31.14
Joe Somebody,Lidia Janaszewski,9,29,169.68
"Shadow, The",Trude Gillford,2,41,89.58
Call Me Savage,Paolina Beenham,2,72,76.09
Ernest Scared Stupid,Lesly Twyford,20,72,181.0
They Came to Cordura,Sheffield Coulson,5,63,195.67
Goodbye World,Carma Giacopazzi,7,47,120.31
Beyond Tomorrow (Beyond Christmas),Raye Silkston,12,65,175.61
Vampire's Kiss,Tim Bygraves,17,42,192.33
My Big Fat Greek Wedding,Fremont Bampfield,17,60,39.75
Vamps,Sheeree Domb,17,40,184.29
"Devil and Daniel Webster, The (All That Money Can Buy)",Onfroi Pellman,20,45,76.11
Rubin and Ed,Carolina Gomm,5,75,155.18
"Last Castle, The",Dennet Rowthorn,1,49,227.38
"Caddy, The",Leroi Kinsman,1,53,247.89
The Smiling Ghost,Phaidra Belitz,11,71,233.32
Pluto's Christmas Tree,Eve Gresser,14,42,40.18
Madadayo (a.k.a. Not Yet),Sileas Tallowin,14,74,219.43
"Fabulous Baker Boys, The",Sherlock Pawellek,10,79,35.82
No Strings Attached,Shirleen Guilfoyle,5,67,83.6
Young Doctors in Love,Lefty Meininking,14,72,126.56
I Still Know What You Did Last Summer,Babette Lockyear,2,70,174.35
Don't Look Now,Mirabelle Nerne,16,25,79.27
Family United (La gran familia española),Mikkel O'Neill,16,31,166.39
"Boynton Beach Bereavement Club, The",Sheeree Bothen,1,28,214.43
"Majestic, The",Joeann Bosenworth,3,32,198.93
Angel of Mine (a.k.a. The Mark of an Angel) (L'empreinte de l'ange),Magda McCullouch,14,35,136.97
"Fourth Protocol, The",Alverta Strange,19,26,246.5
Walkabout,Katey De Haven,11,58,231.7
Princess Raccoon (Operetta tanuki goten),Der Gianelli,1,68,107.58
"Eyes of Tammy Faye, The",April Kirsopp,2,29,114.98
"Passionate Friends, The (a.k.a. One Woman's Story)",Kissiah Plan,14,20,98.37
Black Gold,Faustine Elsegood,17,36,37.54
Mega Piranha,Dorolice Grzegorzewicz,12,66,44.02
"Slender Thread, The",Daffy Sacase,2,28,148.73
Team America: World Police,Giles Eborall,14,34,200.81
"Blue Dahlia, The",Gwenneth MacKey,6,36,165.87
Magnum Force,Joann Lough,13,33,201.14
"Devil's Tomb, The",Augustina Leefe,14,31,228.49
Hansel & Gretel: Witch Hunters,Nil Atack,16,40,166.09
"Holy Innocents, The (Santos inocentes, Los)",Hendrik Brooksby,20,70,48.97
Muhammad Ali's Greatest Fight,Korney Prinne,3,76,223.31
"Hobbit: An Unexpected Journey, The",Demetrius Prodrick,8,77,63.63
"Maltese Falcon, The",Stevana McGahey,20,76,68.13
Beyond the Mind's Eye,Demeter Storcke,5,50,214.28
Night on the Galactic Railroad (Ginga-tetsudo no yoru),Traver Behr,16,43,142.49
"List of Adrian Messenger, The",Aldis Garrals,14,73,186.51
Record of a Tenement Gentleman (Nagaya shinshiroku),Ignaz Gemmell,16,47,64.81
Castle of Blood,Marsha Thomazin,11,22,235.2
Topsy-Turvy,Bartolemo Karadzas,20,33,228.87
Red Dragon,Fredric Crilley,9,54,164.24
Lure of the Sila,Orella Leys,15,80,48.99
"Huey P. Newton Story, A",Mabel Molyneaux,4,52,73.18
Dark and Stormy Night,Sharity Marrion,5,26,111.97
Scarecrows,Eldin Readmire,14,75,226.58
Three Times (Zui hao de shi guang),Lane Ciepluch,18,33,104.58
Arachnophobia,Christiane Drew-Clifton,11,21,213.06
Malice N Wonderland,Allyn Haslewood,17,21,120.31
Drona,Ansley Hugill,15,46,37.17
Diabolique (Les diaboliques),Raul Reeveley,7,28,145.08
Pépé le Moko,Francine Bortolotti,7,63,55.81
In Time,Pippa Oughton,6,51,164.55
Tom Petty and the Heartbreakers: Runnin' Down a Dream,Zsa zsa Currier,2,53,81.85
Final Analysis,Eugenio Kingaby,11,75,90.81
Macbeth,Melony d' Elboux,15,29,230.6
Strange Magic,Lily Richardot,17,45,89.21
3096 Days,Wenda Rangeley,11,77,67.28
Between Miracles,Emanuel Swainger,15,63,80.54
Halloween,Shellie Tomowicz,8,50,140.78
Night Nurse,Trumann Erik,5,45,116.99
Tin Men,Josiah Haysham,14,55,66.34
Living Death,Randene McMinn,15,33,197.57
Suzhou River (Suzhou he),Hughie Barbier,20,52,229.86
MR 73 (a.k.a. The Last Deadly Mission),Mavis Macken,1,33,117.15
Dating the Enemy,Maddy Perschke,11,60,189.16
"Chamber, The",Eryn Jarrel,14,25,221.79
Death to Smoochy,Lettie Hilary,18,51,172.23
Living with Wolves,Cristabel Ditty,15,20,161.12
Digimon: The Movie,Trumaine Sutheran,15,78,127.68
Lilo & Stitch,Chev Betz,15,37,111.4
2 ou 3 choses que je sais d'elle (2 or 3 Things I Know About Her),Claudina Brounsell,15,38,165.4
Dune,Maryrose Sheer,10,73,102.13
Carbon Copy,Charley Collymore,8,25,199.17
Moon of the Wolf,Alaric Oldcote,5,75,61.68
Talladega Nights: The Ballad of Ricky Bobby,Mozelle Mackrill,16,40,65.1
Going Overboard,Jasmin Gayton,4,52,72.65
Tai Chi Hero,Hetti Avann,14,33,148.61
Craig Ferguson: A Wee Bit o' Revolution,Brendon Locks,16,31,65.78
Summer Holiday,Roobbie Kirwood,8,27,185.93
"Sleeping Beauty, The (La belle endormie)",Yves Deeny,15,24,74.0
Mr. Brooks,Drucill Riccelli,5,48,210.25
Solaris,Claudianus Toynbee,11,40,138.25
Zombie Apocalypse,Filide Koopman,16,72,190.11
All the Colors of the Dark,Maitilde Shavel,1,57,179.25
Zapped!,Rik Tye,12,53,143.47
Saw,Tobe Jakubovics,3,34,107.04
"Pain in the Ass, A (L'emmerdeur)",Otis Heims,13,67,191.41
Zero Charisma,Evin Fishbie,2,64,31.97
Alice and Martin (Alice et Martin),Serge Sigars,19,74,101.97
New Gladiators (I guerrieri dell'anno 2072),Carolina Titheridge,5,57,187.92
The Green Prince,Sonni Bakhrushkin,16,37,66.22
Fantastic Four: Rise of the Silver Surfer,Alano Pellamonuten,5,75,153.07
Luke and Lucy: The Texas Rangers (Suske en Wiske: De Texas rakkers),Loria Minor,13,37,100.38
"Times of Harvey Milk, The",Mose O' Connell,15,50,170.67
"Life of Aleksis Kivi, The (Aleksis Kiven elämä)",Peder Darrel,16,27,222.29
"Buy the Ticket, Take the Ride: Hunter S. Thompson on Film",Linet Raft,2,39,227.28
"Rising Place, The",Ashlie Duplock,7,34,104.98
Age of Uprising: The Legend of Michael Kohlhaas (Michael Kohlhaas),Gustavus Gislebert,13,76,83.72
"Deal, The",Nannette Lebond,20,47,212.64
R100,Kermie Barniss,1,26,218.29
Planet of Snail,Estel Enns,9,52,154.54
Vinyan,Barbabra Awty,8,31,96.17
"Man - Woman Wanted (Poszukiwany, poszukiwana)",Gabbie Andre,8,35,70.28
In the Year of the Pig,Hyacinthia Mowett,20,22,187.34
Strike (Stachka),Arlan Baylis,4,64,55.94
Something Is Happening (Kuch Kuch Hota Hai),Halie De Vries,3,39,132.76
Sammy and Rosie Get Laid,Sully Garvagh,13,28,73.92
Certified Copy (Copie conforme),Wandie Shallcroff,17,26,142.11
"Reluctant Fundamentalist, The",Ulysses Swettenham,1,74,66.41
Comedian,Claresta Tabour,1,29,208.02
Fast Life,Kenyon Spittall,12,27,157.46
American Madness,Joshuah Giacomuzzo,18,70,247.4
Two Days,Shelba Thornber,1,63,99.48
49 Up,Foss Dugdale,13,72,224.48
Starsuckers,Maurene Edinburough,2,32,226.6
Distant Thunder (Ashani Sanket),Davy Jeenes,17,22,176.59
Abandon,Nicole Sindall,5,41,86.25
Freaky Deaky,Tynan Pendell,17,74,154.45
Rentun Ruusu,Hilton Helstrom,15,27,178.72
WUSA,Gustie Stork,15,34,173.64
Stray Dogs,Roarke Gask,2,27,159.94
Aelita: The Queen of Mars (Aelita),Pepita Scolding,20,43,131.79
Petting Zoo,Agace Moizer,10,48,248.33
Right America: Feeling Wronged - Some Voices from the Campaign Trail ,Isaiah Wilcinskis,15,28,62.47
Fall,Sallee Wabb,6,36,200.35
Björk at the Royal Opera House,Noam Vowels,4,57,172.51
Vampire's Kiss,Kip Lyptratt,1,72,33.15
Twilight of the Ice Nymphs,Boris Le Grys,18,51,112.96
Blue Sunshine,Taylor Hopewell,9,77,67.36
Sylvia and the Ghost,Aldwin Tellenbroker,4,30,90.09
Mad Love (Sappho),Land Skewes,18,51,69.34
Chainsaw Maid,Spencer Flewan,18,32,65.91
Lonely Street,Kelcy Gravy,15,32,55.53
Johnny Eager,Jaquith Primo,12,43,135.85
"Long Way Down, A",Gilly Streeten,6,46,179.28
Monte Carlo,Anastasie Talmadge,2,57,232.91
If You Are the One,Ric Shuxsmith,2,73,213.82
Sunset,Yoko Bunten,11,70,210.28
Miracles - Mr. Canton and Lady Rose,Bil Marthen,10,20,57.6
"Guide to Recognizing Your Saints, A",Frasco Timmis,4,32,51.34
As Cool As I Am,Margette Hought,2,23,201.63
"Gypsy Moths, The",Jaimie Rebbeck,15,27,208.98
Straight to Hell,Elmo Chree,14,39,249.18
Dennis the Menace,Emilio Gait,5,60,205.61
Monga,Greggory Wallenger,16,38,76.33
"Adventures of Huckleberry Finn, The",Alethea Aizic,9,73,131.44
Dragon Ball Z: Dead Zone (Doragon bôru Z 1: Ora no Gohan wo kaese),Faythe Ditts,16,54,202.9
"Little Foxes, The",Tatiania Dean,10,39,143.32
French Roast,Emiline Tremellier,3,27,106.68
Blood from the Mummy's Tomb,Shirlee Leece,18,33,155.24
Trumbo,Kellie Clifforth,16,75,152.54
Mr. Baseball,Wenona Catley,16,31,191.47
"President's Lady, The",Jacobo Moran,5,68,233.79
"Crew, The",Ashlen Shurmer,14,55,101.33
Only When I Laugh,Paulita Stain,10,79,62.59
Tobor the Great,Rosie Storror,7,54,53.03
War and Peace,Erminia Spada,3,56,84.6
'night Mother,Tripp Scemp,1,28,114.29
The Walking Stick,Prentiss Knyvett,6,80,50.36
"Severed Arm, The",Johannah Dunk,2,20,99.15
"Return to Homs, The",Cathyleen Stansall,14,34,161.66
Kai Po Che!,Ivy Pulham,5,55,137.19
Restless Blood (Levoton veri),Allison Cod,2,47,223.77
Run Silent Run Deep,Cassy Leathwood,4,66,82.85
Temple Grandin,Constanta Hessentaler,2,67,217.56
101 Dalmatians (One Hundred and One Dalmatians),Nicol Buddock,17,72,227.74
"Grace Lee Project, The",Matthiew Brauner,11,69,108.35
Hercules and the Lost Kingdom,Nell Drees,14,56,130.76
Mile... Mile & a Half,Hasty Woodhouse,15,32,88.53
True Story,Olivie Bouzan,4,36,188.33
Turistas,Pepillo Dalbey,7,73,214.27
Cromwell,Marc Cellone,6,20,93.4
Epidemic,Jenna Gaunt,3,56,162.04
Choose Me,Frannie Bisseker,8,42,218.05
"Devil's Carnival, The",Saxon Reisin,16,68,123.63
"Grudge, The",Marielle Thowes,18,56,96.12
Detachment,Josie Medland,1,79,168.94
Django,Madelle Sarsons,3,66,177.05
Angels Over Broadway,Maura Essberger,17,78,228.68
Venus & Fleur,Preston Ferrai,12,21,235.03
Somewhere Between,Zonda Bruhnicke,10,79,190.34
"Cat and the Canary, The",Frieda Warder,14,65,232.54
Winter Nomads,Verge Bentote,12,45,33.01
Dirty Girl,Martelle Wenban,11,53,127.43
Guardians of the Galaxy,Bria Neary,12,32,99.28
"Touch of Spice, A (Politiki kouzina)",Caye McGonigle,18,74,80.95
My Wife is an Actress (Ma Femme est une Actrice),Rosanne Brion,4,80,101.85
Dinner for Schmucks,Tootsie Wands,7,63,204.61
The Jackie Robinson Story,Lorelle Keson,19,65,237.11
Godzilla: Final Wars (Gojira: Fainaru uôzu),Anne-marie Marjanski,11,77,75.54
Harrison's Flowers,Benyamin Aloway,11,50,101.66
"Hell Without Limits (Lugar sin límites, El)",Glori Pauli,15,30,193.47
"Road to Ruin, The",Daniel Bang,19,52,245.62
Dance of Outlaws (Häätanssi),Pansie Pardi,2,77,107.77
Riff-Raff,Hyacinth Geindre,1,54,71.92
Zodiac,Cristi Currey,10,36,210.99
I Love Your Work,Filippa Naire,12,65,47.83
Deep Red (Profondo rosso),Aurthur Banke,6,38,155.13
"Trouble with the Truth, The",Merline McInnery,6,75,96.61
Mogambo,Steve Whyte,19,39,204.58
"Summer at Grandpa's, A (Dong dong de jia qi)",Yanaton McAvaddy,3,50,121.58
Black Rose Ascension (Kurobara shôten),Arlena Degli Abbati,14,43,124.82
Halloween: Resurrection (Halloween 8),Allx Gounod,2,53,223.86
In the Year of the Pig,Elvira D'Alessio,19,22,114.82
"Four Times, The (Le Quattro Volte)",Ludvig Yateman,1,37,80.67
Defying Gravity,Livvie Ody,10,64,186.69
Homefront,Kassey Bartlosz,14,38,137.54
Blame it on Fidel! (La faute à Fidel!),Darice Rudsdell,6,61,231.13
FearDotCom (a.k.a. Fear.com) (a.k.a. Fear Dot Com),Corrianne Barrow,20,23,148.23
Saint Jack,Markos Sturton,4,46,148.69
Ivan's Childhood (a.k.a. My Name is Ivan) (Ivanovo detstvo),Arlyn Scarsbrick,10,79,147.23
"Emerald Forest, The",Egon Klehyn,8,49,132.82
Vääpeli Körmy - Taisteluni,Fay Bramhill,20,47,76.26
"Life is a Bed of Roses (Vie est un roman, La)",Charmian Amy,6,70,247.98
Bhaag Milka Bhaag,Lian Betonia,12,35,120.4
Sonny Boy,Aluin Clarke-Williams,12,73,99.75
Uwasa No Onna (The Woman in the Rumor) (Her Mother's Profession),Bing Clemmitt,11,69,43.56
Chillerama,Glennis Gurg,10,45,148.53
Jacob's Ladder,Shermy Uphill,12,42,181.96
Passion,Jerald Andreucci,6,68,105.6
Harem,Melany Newbatt,20,74,237.78
"Fast & Furious (Fast and the Furious 4, The)",Roy Cockarill,14,59,164.26
I Love Your Work,Etty Treamayne,4,43,98.01
"Spanish Prisoner, The",Alasteir Ricardin,19,56,126.52
Diary of a Hitman,Celinda Whotton,1,33,130.44
"Lonely Passion of Judith Hearne, The",Claribel Backshill,1,41,143.26
Doomed to Die,Eliot Queenborough,12,47,139.72
Grace Is Gone,Shela Swetmore,4,37,41.76
Messengers 2: The Scarecrow,Jorey Fairbrother,7,76,58.61
Family Life,Bunnie Fawks,3,50,67.6
Wing Chun,Celina Kilduff,3,26,96.35
Sign 'o' the Times,Gavrielle Clue,11,75,97.36
Rapa Nui,Lilllie Murrhaupt,11,41,109.14
Dinner Rush,Fanni Obispo,5,30,121.44
Lord of the Flies,Kerwinn Brosch,14,53,91.76
"Immigrant, The",Eric Pawson,1,72,234.43
Design for Living,Floris Boissier,6,30,100.03
Tere Naam,Ryun Plastow,3,44,179.89
Tom Jones,Hannah MacKeogh,13,63,240.77
Jack the Bear,Graham Iliffe,20,73,107.69
Electra Glide in Blue,Innis Herley,12,58,192.78
"Wrong Move, The (Falsche Bewegung)",Seymour Rosso,5,32,249.17
For Ever Mozart,Swen O' Mulderrig,5,37,153.9
See No Evil,Barb Wreiford,7,58,173.77
"Girl of Your Dreams, The (Niña de tus ojos, La)",Holli Illsley,10,24,115.06
Breaking In,Manny Mellodey,10,41,76.76
Shit Year,Merrilee Hunnawill,7,32,39.13
Fires Were Started,Lotti Dillingstone,1,68,221.93
Suspect Zero,Madlen Tesmond,6,41,127.56
"Apparition, The",Andras Butner,7,35,106.93
Gigante,Bianka Baldetti,19,74,101.96
"Best of Times, The",Adaline Fores,19,32,118.82
Fire in the Blood,Cherilyn Krugmann,13,67,181.28
Border Radio,Erin Toohey,13,41,156.75
Oxford Blues,Sheelah Humpage,6,21,192.21
"Lost Battalion, The",Dell Scholte,19,79,47.26
"Salton Sea, The",Tan Tremonte,8,31,196.95
Bertie and Elizabeth,Madelon Bockings,9,65,207.69
Deadtime Stories,Karon Fathers,3,63,248.47
In the Fog (V tumane),Grove Dart,15,53,43.34
"American Soldier, The (Der amerikanische Soldat)",Kristi Gregoletti,8,25,73.1
"Cottage, The",Lay Chetter,15,54,98.56
Barton Fink,Lane Fripp,16,67,175.72
Garfield: The Movie,Fred McAvey,5,47,65.81
Castaway on the Moon (Kimssi pyoryugi),Karena Keddle,20,41,74.83
Airbag,Wilmer Dutteridge,1,57,115.59
Under the Boardwalk: The Monopoly Story,Arliene Wastall,10,66,210.86
"Eleventh Hour, The",Idalia Stanlick,11,33,170.37
Latitudes,Rey Hapke,17,57,66.06
"Cutting Edge: Going for the Gold, The",Hortensia De Winton,4,78,76.89
Brenda Starr,Brana Jost,20,39,187.77
Eaux d'artifice,Doe Motton,7,55,105.74
29 Palms,Zorana Barsby,19,39,129.44
Over Her Dead Body,Kelsy Vallow,14,33,35.01
Aashiqui 2,Allissa Kimmerling,12,33,84.73
"Island President, The",Alene Woofinden,11,53,220.64
Black Mask (Hak hap),Emera Naptin,12,73,93.54
"Porn Theater (Chatte à deux têtes, La)",Heda Bougen,6,60,209.29
Austin Powers: International Man of Mystery,Benjamen Wein,16,45,224.13
"Search for One-eye Jimmy, The",Cobby Finnan,14,52,178.19
Wyoming Renegades,Fabiano Amorts,14,24,226.93
Two Days,Anastasie Markova,2,31,68.08
Big Fella,Ely Sibbson,7,63,223.92
Night Train to Munich,Vaclav Beazey,3,36,236.71
"One-Armed Swordsman, The (Dubei dao)",Pace Acomb,17,37,31.81
Tooth & Nail,Nonna Davidovici,10,36,228.8
F/X2 (a.k.a. F/X 2 - The Deadly Art of Illusion),Antonina Denizet,14,24,198.08
"Brotherhood of the Wolf (Pacte des loups, Le)",Pet Chittim,16,21,75.84
Time Stood Still (Il tempo si è fermato),Irvin Febre,4,57,90.44
Aces High,Burl Aicken,20,40,217.79
Little Miss Sunshine,Andee Prangley,8,24,146.12
Devil Girl From Mars,Michael Eddow,15,67,109.86
Small Town of Anara (Qalaqi Anara),Vidovic Schrader,18,60,156.65
Miracle,Starla Kadwallider,18,62,221.21
Brighton Rock,Philomena Adanez,16,30,236.15
Agnes of God,Myca Dunsford,10,47,182.33
Black Sunday,Kevyn Gannaway,7,61,97.44
Coraline,Jerry Bliven,15,22,154.15
7 Dwarves: The Forest Is Not Enough,Rollin Peattie,15,38,109.83
"Little Princess, A",Giralda Noir,15,21,133.03
Different from You and Me (Anders als du und ich) ,Devlen Chasemore,10,64,169.36
Street Kings,Josefina Mc Ilory,16,62,156.96
"Child's Christmas in Wales, A",Abby Mossman,3,76,194.54
Kummeli Stories,Monroe Masic,18,45,92.48
"Host, The",Cleo McCarver,20,21,247.3
"Big Mommas: Like Father, Like Son",Elbertine Van den Dael,20,28,137.41
Dragon Ball Z: Cooler's Revenge (Doragon bôru Z 5: Tobikkiri no saikyô tai saikyô),Sophey Bernardin,14,71,127.88
Not Another Teen Movie,Damita Crookes,15,30,119.29
Trust the Man,Wadsworth Meriel,3,76,49.84
Svengali,Pip Trevethan,19,26,151.22
Lured,Averil Hacaud,5,69,150.87
Strangers with Candy,Dannel Staynes,6,55,53.52
Plain Dirty (a.k.a. Briar Patch),Franni Wands,9,58,37.26
Landet som icke är,Jere Stringer,11,25,118.27
"Oh, Sun (Soleil O)",Jamey Winterton,19,30,184.56
"Havre, Le",Adelice Pickaver,1,53,148.78
Besa (Solemn Promise),Mavis Surpliss,3,24,249.48
Alien Nation: Millennium,Ferd Ivanonko,9,75,47.21
Through and Through (Na wylot),Riannon O'Hear,1,38,118.69
Ladyhawke,Joye Cucinotta,2,60,222.23
Come Undone (Cosa voglio di più),Theresa Eastcourt,5,37,198.02
"Lion King II: Simba's Pride, The",Tiff MacNeill,19,74,38.91
All Mine to Give,Josie Bubb,2,72,44.48
Michael the Brave (Mihai Viteazul),Miof mela Luton,14,60,46.9
Withnail & I,Emmett Greenroa,7,63,64.15
Woyzeck,Florella Simpson,20,63,65.12
"Edukators, The (Die Fetten Jahre sind vorbei)",Ximenes Pehrsson,11,67,97.11
Last Days Here,Constantin Thaller,13,58,121.13
Teenage Dirtbag,Nat Bownas,4,51,75.99
Our Vinyl Weighs a Ton: This Is Stones Throw Records,Hillery Stallard,9,72,51.61
"Price of Milk, The",Thorin Quarterman,8,72,40.26
"Niagara, Niagara",Layne Phillpotts,14,23,186.83
Beautiful Thing,Lilly Greenway,4,46,197.71
The Last of the Finest,Alvan Shand,8,37,140.95
Still Bill,Quill Schubart,7,58,158.77
Masculin Féminin,Fiorenze Terrett,3,41,211.16
"Last Horror Movie, The",Lita Purkis,12,45,67.37
"Angel Named Billy, An",Mame Lerwill,15,43,98.93
"Nanny Diaries, The",Morley Gayne,10,44,77.62
"Resurrection, A",Martita Hillin,6,26,198.38
"Crouching Tiger, Hidden Dragon (Wo hu cang long)",Derril Island,19,78,156.55
Breath (Soom),Domenico McKyrrelly,5,38,120.68
Pontiac Moon,Seline Fink,18,42,55.85
Behind the Sun (Abril Despedaçado),Cam Linneman,12,35,101.39
All the Way Home,Marmaduke Reinbech,3,59,174.76
Born to Win,Mozelle Merriday,11,24,80.5
Our Curse,Reider Skullet,14,77,125.71
Green Dragon,Violette Fillimore,7,72,247.77
Tracy Morgan: Black and Blue,Farrand Zuker,13,53,110.33
Blue State,Amble Duckett,12,68,219.49
State Fair,Simeon Rasor,15,54,136.82
"Ipcress File, The",Mellicent Fehner,20,46,35.26
Romy and Michele's High School Reunion,Osmond Bamb,14,80,51.65
The Good Son,Ancell Holston,6,20,105.43
Laurence Anyways,Kally Phillcox,4,77,69.29
Doomsday,Alano Havick,3,33,108.16
Wake,Rowe Drains,20,78,183.92
"Confession, The (L'aveu)",Frannie Hutley,10,29,57.91
"Dunwich Horror, The",Peirce Yabsley,13,65,169.38
History of the World: Part I,Terrill Label,16,45,109.54
Execution Squad,Rebecka Scrimgeour,8,69,101.88
Beethoven's Big Break,Hobard Glayzer,8,44,103.54
City of God (Cidade de Deus),May Pheasey,5,65,53.26
The Happy Road,Ulrika Shepeard,7,78,70.51
Aks,Quintana Sinkings,2,49,127.72
"Dark Knight, The",Davita Samsworth,15,46,79.86
Pekka ja Pätkä Suezilla,Waverly Ebsworth,10,70,186.85
Sixtynine,Nelson Stanlack,16,67,119.98
"Hero: Love Story of a Spy, The",Gertrud Meeks,8,76,42.3
Carnosaur 3: Primal Species,Barnard Wem,4,75,155.33
51,Renato Rannigan,10,36,196.11
Solo,Hewitt Calbreath,12,59,220.81
Convoy,Elias Riddles,11,79,128.14
"Dog Problem, The",Hermie Rosterne,13,44,168.09
Car Bonus (Autobonus),Dani Karlolczak,15,63,134.95
Richard III,Merv Jeannet,12,21,92.27
How to Stop Being a Loser,Filippo Jurek,18,36,151.31
Pokrajina St.2,Almira Monaghan,20,70,41.33
"Secret of Kells, The",Etan Dainton,6,48,50.49
"Toll of the Sea, The",Everard Boggas,17,65,202.67
Bad Dreams,Dewie Sawl,13,75,35.89
"Maltese Falcon, The (a.k.a. Dangerous Female)",Monica Clemow,6,60,162.95
Blow Out,Nancie Potier,18,30,194.91
Sleepaway Camp,Burr Style,18,28,89.21
"Isle, The (Seom)",Carlene Lamba,19,67,190.78
"Killer, The (Die xue shuang xiong)",Alexandr Rame,2,37,103.35
Of Human Hearts,Cob Dumbrill,11,38,222.96
"White Balloon, The (Badkonake sefid)",Carolin Earle,19,62,83.5
Cheerful Weather for the Wedding,Rick Langeley,18,58,154.92
My Blueberry Nights,Tallie Cella,5,77,191.81
"Walk Softly, Stranger",Leese Wychard,16,77,124.06
Frownland,Laural Rusk,14,73,204.46
Scott Joplin,Maude Waszczykowski,2,55,221.6
Ike: Countdown to D-Day,Jorgan Barock,11,48,146.44
Hopscotch,Norrie Creeber,2,41,205.98
Contract Killers,Ruby Link,11,77,149.35
"Kidnapping, Caucasian Style (Kavkazskaya plennitsa)",Emlyn Challenor,5,66,73.49
10 minutes (10 minuta),Marni Tann,10,22,163.59
Anita,Killy Morales,3,52,222.39
"Good Day to Die Hard, A",Augustus Oty,4,64,101.35
"Big Sky, The",Janna Antonijevic,13,48,73.37
Broken,Zebulen Sawell,15,53,38.62
Bright Lights,Gwenette Edmund,16,55,107.6
Viva Villa!,Ros Whyteman,4,56,96.59
Jeopardy (a.k.a. A Woman in Jeopardy),Darrelle Kittley,6,66,54.9
"Big Sleep, The",Keri MacDearmid,3,20,115.61
Decision at Sundown,Scarlett Whipple,7,41,95.36
Yossi & Jagger,Tabby Arp,13,75,240.12
Of Love and Shadows,Olga Seery,18,73,221.16
Alligator Eyes,Meaghan Lowseley,19,61,134.97
Secrets of Eden,Shellie Flucker,14,62,94.4
Last Orders,Daveen Jakubovics,7,59,67.49
"Rat Savior, The (Izbavitelj)",Henriette Stiggles,8,55,45.23
Blood of Dracula,Edouard Bowkley,12,26,131.58
Megacities,Claudelle Prime,6,57,69.18
Paprika (Papurika),Ephrayim Skillett,8,61,54.1
Mudhoney,Allyn Cervantes,1,50,56.68
Gorko!,Kele Rushton,18,41,175.58
Mister Johnson,Noemi Gilardone,15,65,115.62
Shadow Dancer,Andee Thorn,14,74,64.1
Venus Beauty Institute (Vénus beauté),Edwina Craft,11,49,123.81
"Godfather, The",Osbourn Favelle,7,79,234.03
To Live and Die in L.A.,Zabrina Steedman,5,28,48.63
SLC Punk!,Shandra Wickrath,2,35,30.99
Flandres (Flanders),Jaquenetta Balstone,8,76,185.64
American Violet,Christoph Carlan,11,69,95.52
"Werewolf Boy, A (Neuk-dae-so-nyeon)",Adorne Van der Hoven,20,23,136.29
You Are the Apple of My Eye,Veronika Bouette,10,56,247.83
"Ugly, The",Riva Egle,9,28,198.74
Ghosts (Gespenster),Zelma Silly,12,50,174.34
Mountain Patrol (Kekexili),Flinn Sambedge,6,61,172.18
Freaky Friday,Merell Shearmur,2,60,66.98
My Life as a Dog (Mitt liv som hund),Gearard Witherow,2,33,191.83
"Prince of Egypt, The",Dell Vinick,12,68,182.29
War of the Worlds 2: The Next Wave,Peg Zoanetti,1,55,220.3
Totally F***ed Up,Priscella Critten,11,46,248.48
Solarbabies,Darya Roskelly,20,30,155.9
Kings of Recycling (Kierrätyksen kuninkaat),Ronnie Gouthier,2,49,200.66
Tartuffe (Herr Tartüff),Franklyn Tremlett,3,33,43.97
Death at a Funeral,Almire Lasslett,3,49,144.27
Blackmailed,Waylan Sebley,6,61,78.8
Life with Father,Katti Hamlen,3,75,246.4
This So-Called Disaster,Clea Pook,8,70,129.46
Much Ado About Nothing,Avrit De la Barre,2,26,155.16
Major Dundee,Hayden Manuely,19,45,122.95
"Italian, The (Italianetz)",Mercy Vineall,15,79,214.17
Chizuko's Younger Sister (Futari),Griffin Fright,10,47,80.74
All the King's Men,Cyb Girard,13,21,100.29
"Man Called Adam, A",Stinky Capini,16,51,49.15
Jubal,Alix Ternott,16,44,221.7
Marvel One-Shot: Item 47,Othella Harcombe,20,46,170.6
She,Hazlett MacElane,5,62,39.6
Sgt. Bilko,Ikey Gadd,13,79,189.1
Men in Black (a.k.a. MIB),Arnuad Coulter,19,71,246.11
"Mummy: Tomb of the Dragon Emperor, The",Dacey Kett,15,29,112.43
"Touch of Zen, A (Xia nu)",Quent Verriour,10,63,150.48
Mutantes,Tish Fraczek,10,54,132.3
Side Street,Antonie Paige,20,26,129.19
Scream 2,Pattin Beetles,4,67,55.99
Turkish Passion (La pasión turca),Alyda Sharple,11,39,192.62
Newsfront,Augy Winterson,14,29,30.13
Quartier Mozart,Trudi Skerratt,3,80,35.42
"Secret Glory, The",Gregorius Novkovic,11,33,33.89
Cool Air,Marybeth Toppes,15,47,37.39
To the Devil a Daughter,Minda State,5,46,169.33
Mr. Nanny,Westley Cancelier,1,36,122.91
"Three Musketeers, The",Julia Dyte,1,73,147.96
Stealing Beauty,Grady Norcliff,7,26,101.64
Behind Enemy Lines: Colombia (Behind Enemy Lines 3: Ghost Watch),Leann Lethabridge,20,58,183.72
Hot Millions,Sybil Menci,2,37,173.02
Radiohead: Meeting People Is Easy,Kalvin Brandreth,16,59,149.69
Brief Crossing (Brève traversée),Eydie Juliff,10,41,143.64
Back to the Future,Beniamino Blondin,4,31,140.52
"Ebola Syndrome, The (Yi boh laai beng duk)",Stefano Battson,2,30,224.27
Dance with a Stranger,Lia Antczak,16,72,152.74
Boat Trip,Edik Pepye,2,76,170.86
London to Brighton,Derrik Yerlett,19,62,108.57
River Queen,Emmye Ibbitson,19,73,164.29
Bulworth,Andeee Ochiltree,1,33,151.51
Haute Cuisine,Winny Tortis,11,52,225.31
Gone in 60 Seconds,Baxy Owain,1,43,118.75
Sunless (Sans Soleil),Martynne Skeldinge,14,54,151.16
Blindness,Ashla Gouge,7,40,97.66
"Aviator, The",Raeann Dufaur,8,23,249.62
Roberta,Rodolfo Prettyman,20,39,143.61
Naked Fear,Iago Alen,11,28,200.15
Trailer Park Boys,Cassaundra Boxhill,13,30,101.21
Noriko's Dinner Table (Noriko no shokutaku),Ursola Yateman,1,21,225.4
Applause (Applaus),Redd Dedman,18,56,111.34
Solitary Man,Rockey Lockey,2,58,42.48
Good Neighbours (a.k.a. Good Neighbors),Cullie Matuszyk,18,68,235.24
Speaking of Sex,Rinaldo Edrich,6,76,211.03
Walk of Shame,Agata Kissack,10,23,238.66
Sleeper,Diena Luebbert,8,39,180.15
Zachariah,Willetta Rowberry,5,70,100.67
Arthur and the Revenge of Maltazard (Arthur et la vengeance de Maltazard),Cortie Toupe,8,78,188.55
A Home at the End of the World,Yolanda Beales,9,49,177.95
American Addict,Jeffry Noddles,19,58,215.59
In Eagle Shadow Fist (Ding tian li di) (Fist of Anger),Barby Scahill,8,70,54.08
Sallah,Clayborne Yanez,15,25,74.63
"Entitled, The",Rowen Mattimoe,9,29,64.0
"Affairs of Anatol, The",Koren Ballinger,7,46,147.68
"Bachelor Weekend, The",Gardy Peile,18,73,131.19
Kaboom,Feliza Janiak,5,68,126.09
The Bloody Olive,Quinta Crecy,15,64,42.69
The Monkey King,Frederica Daniely,1,62,156.0
Crossing Delancey,Kai Barraclough,7,25,90.05
"Girl by the Lake, The (La ragazza del lago)",Nicoli Kainz,15,48,210.86
Hôtel du Nord,Desdemona Cryer,12,60,88.64
Grabbers,Yetta Kiggel,4,22,37.46
Abbott and Costello Meet Captain Kidd,Vivie Zanetti,16,38,44.97
Pretty Good for a Human (People Not as Bad as They Seem) (Aika hyvä ihmiseksi),Caril Brightey,7,79,212.42
Summer Lovers,Brandi Dast,14,80,192.81
Sextette,Emilia Corkel,16,65,100.87
Predictions of Fire (Prerokbe Ognja),Charmain Cherrie,11,34,73.38
8MM,Kylie Simson,14,58,109.4
"Red Tent, The (Krasnaya palatka)",Aurie Dawbery,15,74,143.54
5 Dolls for an August Moon (5 bambole per la luna d'agosto),Malcolm Cocksedge,7,38,79.44
Leave,Aeriell Russam,1,25,133.56
See What I'm Saying: The Deaf Entertainers Documentary,Zollie Peppard,17,23,32.16
All the Queen's Men,Timothee MacAndie,5,59,38.05
"Bird People in China, The (Chûgoku no chôjin)",Genevra Leguay,20,20,104.6
Lust for Life,Minor Skeemor,14,57,118.75
"Kingdom II, The (Riget II)",Brit Servante,13,38,207.34
Clay Pigeons,Conny Wearing,15,64,182.06
Big Pun: The Legacy,Berke O'Kelly,2,75,135.17
Passed Away,Loise Hoffmann,11,54,33.33
Paheli,Cornell Fairey,16,78,106.21
Ruhr,Amargo Dory,19,21,92.59
"Island of Dr. Moreau, The",Heindrick Cardwell,12,41,247.21
"Love Movie, The (Rakkauselokuva)",Sallie Fibbit,1,45,195.15
I Bury the Living,Shanta Craig,1,40,167.58
Guest House Paradiso,Rudd Mealham,17,59,31.37
Northwest Passage,Curr Chazelle,20,64,114.0
Hand Gun,Randell Rattery,3,64,86.92
The Anomaly,Windham Eannetta,20,60,94.01
Novo,Josey Tyrrell,8,52,33.85
Where the Wild Things Are,Sallee Drable,15,46,57.37
Dirty Work,Keven Legge,6,54,165.78
"Amityville Horror, The",Anet Yabsley,8,22,37.51
"Experience, The (Tadjrebeh)",Hedwig Ramlot,12,41,183.89
Blame (6 Films to Keep You Awake) (Películas para no dormir: La culpa),Maisey Madgett,4,27,61.31
Scooby-Doo! and the Witch's Ghost,Patti Feedham,17,33,147.93
D.A.R.Y.L.,Putnam Carney,16,26,46.71
Endeavour,Aurea Juanico,6,71,105.06
"Waiting Room, The",Fulton Joriot,8,51,245.9
The Five Man Army,Cam Keeltagh,20,46,151.42
I Saw Mommy Kissing Santa Claus,Brockie Clevely,19,37,203.06
Reel Rock 7 ,Derek Rawsen,10,48,184.91
Taxi,Amelie Banishevitz,7,78,231.07
Crocodile Dundee II,Kip Houtby,5,57,91.16
Home,Erika Baynham,2,49,43.0
Class of 1984,Edvard Spinelli,19,65,53.98
Tristram Shandy: A Cock and Bull Story,Blaire Pirrie,19,20,63.53
Until Death,Odo Linnitt,7,68,204.67
Queen of the Damned,Gillie Brenneke,18,32,216.9
"Far Country, The",Nicol Hawkswell,20,54,145.42
Love Me If You Dare (Jeux d'enfants),Nico Lawless,19,61,211.17
Nausicaä of the Valley of the Wind (Kaze no tani no Naushika),Sholom Quarles,7,41,67.76
"Secret of Santa Vittoria, The",Orella Ghidelli,17,77,143.96
Brigham City,Sly Kiellor,6,38,59.46
Animals United,Andromache Wymer,6,49,37.0
Full of It,Burt Eynald,5,66,69.77
She-Wolf of London,Juditha Magrane,17,61,177.68
"Brothers Rico, The",Dew Kiddell,15,80,117.66
Dead Men Tell,Ulrick Tupp,18,51,63.53
3rd World Hero (Bayaning Third World),Myrwyn Crocetti,11,42,151.94
Gentlemen,Vyky Bulbrook,7,54,59.67
Rosvo Roope,Efren D'Oyley,6,43,239.11
4.3.2.1,Uriah Shillingford,14,71,232.51
Carmen,Giorgio Caplen,12,25,200.05
"Wave, The (Welle, Die)",Alane Ryan,10,45,38.62
Suddenly (Tan de Repente),Lou Boerderman,3,39,199.1
Piranha,Hilliary Olford,18,26,86.95
Godspeed,Giralda McGaffey,11,53,98.59
In Your Hands (Forbrydelser),Denny McGee,14,39,69.7
Marilyn: The Untold Story,Ody Yegoshin,11,76,249.98
"Dark Knight, The",Hirsch Feather,2,47,71.13
Bandidas,Isador Chazier,19,71,93.45
Anguish (Angustia),Godard Walburn,4,30,93.19
"Circle, The",Harlene Leach,14,23,193.63
Stockholm Stories,Anatollo McHenry,20,41,121.5
Hardboiled Egg (Ovosodo),Harwell Biddlecombe,17,39,55.94
Burn Notice: The Fall of Sam Axe,Wakefield Ainsbury,3,69,31.02
Ernest Goes to School,Lelia Kummerlowe,15,38,138.86
Flirting,Cristionna Fayer,1,63,186.03
Dillinger,Giralda Alcoran,16,41,90.18
Mindwalk,Johanna Timpany,4,73,114.25
Your Highness,Rick Bineham,12,53,82.57
London After Midnight,Benny Monteath,8,47,231.88
"End of the Affair, The",Vicky Gynne,20,50,119.42
Time Bandits,Sibelle Janous,6,70,91.23
Fausto 5.0,Cassandre Cawthry,2,52,225.03
Paradise: Faith (Paradies: Glaube),Bianca O'Scanlon,5,36,75.06
Sabotage,Bronson Checklin,18,79,210.98
Scooby-Doo 2: Monsters Unleashed,Valentina Cobbing,4,58,188.56
Happy,Ansel Disbury,3,41,106.64
Ghosts of the Abyss,Mar Gibberd,11,70,243.28
"If It's Tuesday, This Must Be Belgium",Desi Longstreeth,1,66,185.76
Microphone,Koral Teasey,10,33,174.02
Toy Story 3,Miller Rosiello,16,54,204.32
"Aguirre: The Wrath of God (Aguirre, der Zorn Gottes)",Baron Cockman,2,37,128.41
"Bunch Of Amateurs, A",Christophorus Luckett,1,78,116.78
"Witches, The (aka Devil's Own, The)",Hunter Hauger,12,38,232.02
"Green Slime, The",Kai Meir,19,34,69.84
Family Tree,Maggie Manhood,1,21,134.68
Jealousy,Catina Duffil,19,79,202.31
Üvegtigris,Andra Piotrkowski,12,68,248.73
Orders to Kill,Amandy Whodcoat,13,35,161.67
Missionary,Dory Mairs,6,68,124.6
"Ipcress File, The",Wenonah Gerler,13,33,191.21
"Riddle of the Sands, The",Dominique Bonn,20,62,150.1
Lone Survivor,Cinnamon Kells,20,62,161.68
I Wish (Kiseki),Kaleena Meece,3,63,196.29
"Watcher in the Woods, The",Gates Hart,12,50,145.99
Dr. Gillespie's New Assistant,Kasey Ruddle,16,56,120.16
Grateful Dead,Lanna Bertomeu,11,61,202.06
"Lonely Passion of Judith Hearne, The",Broddy Truett,2,34,234.42
My Gun is Quick,Arvie Binns,4,65,224.2
War and Peace (Voyna i mir),Kelly Eke,10,65,201.25
India's Daughter,Vance Tichelaar,5,75,31.88
Love Serenade,Nil Hallut,1,76,184.23
Thousands Cheer,Addia Tattersfield,15,70,226.27
Phenomena (a.k.a. Creepers),Althea O'Scollain,2,49,169.22
"Snow on the Pines, The",Lynelle Whistan,18,78,110.92
Brooklyn,Romola Westphalen,3,45,80.8
"Tree of Wooden Clogs, The (L'albero degli zoccoli)",Lazarus Campagne,17,56,131.52
L.A. Without a Map,Reeta Bawden,5,40,112.36
Human Resources (Ressources humaines),Keelby Bradborne,11,55,153.2
Nueba Yol,Alie Doxsey,16,49,150.57
"Marriage Made in Heaven, A (Rab Ne Bana Di Jodi)",Weylin Findley,8,42,68.1
Night of the Demons,Dorothy Nannini,1,44,249.61
Zoom,Vivia Pargiter,8,59,192.76
Silent Wedding (Nunta Muta),Jyoti Keitley,18,76,217.02
Snow Queen,Dominique Lynch,7,57,63.44
Rosie,Amy Childs,11,60,50.25
Dinosaur,Marlane Pashenkov,20,32,209.24
Too Late Blues,Hector Cargen,18,64,87.9
Young Thugs: Nostalgia (Kishiwada shônen gurentai: Bôkyô),Bone Jozwicki,3,74,77.1
Captain America II: Death Too Soon,Lazaro Carruthers,9,51,228.75
Pornstar: The Legend of Ron Jeremy,Kandace Jent,10,33,105.28
Madonna's Pig,Idell Gyenes,8,76,170.69
Brute (Bandyta),Donny Botte,18,54,126.52
Kaspar Hauser,Elene Dimmack,4,51,229.54
Warrior of the Lost World,Corinne MacWilliam,13,77,46.83
Black Death,Gilligan Aujouanet,15,29,92.54
Ghoulies III: Ghoulies Go to College,Morgan Dowty,1,35,40.78
"Grapes of Death, The (Raisins de la mort, Les)",Jermaine Boddie,12,25,102.81
Black Beauty,Francklyn Parry,14,65,50.78
Esa ja Vesa - auringonlaskun ratsastajat,Elsa Wardle,17,49,175.4
Murder on Monday,Nerte Arnholdt,16,71,171.95
"Eyes of Tammy Faye, The",Jolie Deabill,9,46,84.04
Listen to Your Heart,Yvette Maypowder,19,58,45.29
Orderers (Les ordres),Mord Miles,3,49,124.84
Hellbound?,Krystyna MacVicar,15,65,217.59
Jackie Brown,Enid MacCafferky,7,44,204.09
"Steamroller and the Violin, The (Katok i skripka)",Moises Hosby,5,29,198.63
Lucky You,Aigneis Espinho,11,65,107.56
"Quiet, The",Laurice Van Brug,15,79,187.64
They Call Us Misfits (Dom kallar oss mods),Ivar Coppins,10,26,70.61
"Spirit of St. Louis, The",Delinda Messom,2,62,63.89
"Witchfinder General (Conquerer Worm, The)",Jacintha Trethowan,17,44,33.29
The Rebel,Peyton Strewthers,1,66,222.36
Hands of the Ripper,Beryl Gomby,8,55,86.21
Straight from the Heart,Shelli Poe,7,32,168.68
Delusions of Grandeur (La folie des grandeurs),Wendall Ellams,7,56,68.01
Contracted,Far Chatres,15,40,234.41
Emotion,Rockie Thorp,15,58,116.21
Axed,Bryana Found,5,25,58.72
Princess Aurora (Orora gongju),Lauretta Breitler,2,20,237.49
Stay Tuned,Gwendolen Radoux,17,76,144.17
Sicko,Myrna Norridge,5,28,134.68
Red Garters,Fletcher Attewill,5,32,74.86
Three Wise Men (Kolme viisasta miestä),Yolanda Hugli,7,72,139.29
Where the Red Fern Grows,Hedvige Chamberlin,4,47,171.03
"Boys, Les",Fletcher Bellelli,15,22,228.49
Garage Olimpo,Roldan Southouse,9,48,137.41
"Greatest Movie Ever Sold, The (POM Wonderful Presents: The Greatest Movie Ever Sold)",Ram Wenzel,15,29,246.68
Wild Things,Gerrard Jendrach,3,63,174.64
Far,Bryce Sayes,19,28,166.74
El Hada Buena - Una Fábula Peronista,Arleyne Beacham,10,63,176.94
Ride,Leslie Antyukhin,13,72,246.79
Final Fantasy VII: Advent Children,Hannie Foystone,16,76,204.77
Aurora,Rayna Alexander,8,38,218.73
Russell Brand: Messiah Complex,Margret Filby,12,39,113.12
"Sign of Four, The",Gayel Hatcliffe,13,72,129.05
"Holcroft Covenant, The",Kakalina Hansford,3,24,196.12
Scooby-Doo! The Mystery Begins,Winthrop Windows,9,31,229.99
American Flyers,Kayne Chirm,20,53,167.65
I Am Waiting (Ore wa matteru ze),Baxy Sharphurst,15,38,141.23
Vampire Apocalypse,Zachariah Andrieu,16,44,204.27
Boy Eats Girl,Granger Gulley,15,80,190.89
Philanthropy (Filantropica),Paolina Sanbrook,13,44,183.86
Temple Grandin,Colleen Volkers,8,23,194.37
Happy Birthday to a Beautiful Woman,Filberte Birtwistle,7,31,190.78
Diamonds,Libby Dunham,3,31,231.31
Charlie Wilson's War,Lannie Cregg,10,49,45.58
"Truth About Love, The",Burl Hughson,7,56,85.75
'Salem's Lot,Myrvyn Bellchamber,20,47,54.03
In Country,Eduino Chessell,14,57,213.43
Demons (Dèmoni),Esma Ludee,20,49,46.3
"Life and Times of Judge Roy Bean, The",Cornelius Nimmo,19,59,48.06
On His Own (a.k.a. My Apprenticeship) (V lyudyakh),Fancie Saddleton,7,29,139.41
Shooting Gallery,Immanuel Zipsell,16,56,49.23
Lady for a Day,Jorie Duham,8,56,56.22
Plaza Suite,Sybyl Sabben,10,55,237.24
Eddie and the Cruisers II: Eddie Lives!,Mirna Gerin,20,22,151.64
Christine,Vic Teall,14,41,247.76
Infernal Affairs III (Mou gaan dou III: Jung gik mou gaan),Mayer Krzyzanowski,3,69,38.29
Laurel Canyon,Daveen Menary,11,20,190.4
Djomeh,Alfonso Bernot,8,61,35.25
Naked Weapon (Chek law dak gung),Alexandro Pitrelli,17,24,116.53
Take Aim at the Police Van (Sono gosôsha wo nerae: 'Jûsangô taihisen' yori),Rahal MacEnelly,8,22,127.44
Once Upon a Time in Shanghai,Demetris Wayon,15,35,54.83
Clean and Sober,Dennet Gaither,19,41,192.72
Father of the Bride Part II,Raeann McAlinden,8,39,170.82
I Am Dina,Hatty Dreossi,1,77,115.57
"Rumor of Angels, A",Amery Jacox,6,55,176.97
"Celluloid Closet, The",Casey Hubberstey,6,40,90.61
Ace of Hearts,Ailina Dach,5,59,48.33
Closed Circuit,Serena Barends,20,41,77.62
Back to School,Shamus Spinks,17,63,244.61
"Pacifier, The",Bobbie Molyneaux,10,41,209.87
"Muppet Christmas: Letters to Santa, A",Rosanna Sedman,7,62,155.32
Memphis Belle,Antons D'Hooghe,15,31,159.68
Sacco and Vanzetti (Sacco e Vanzetti),Dara Kingstne,19,36,206.4
Spellbound,Inigo Palfery,14,35,81.5
Run All Night,Karia Hammerberg,1,54,230.31
Asfour Stah,Dulciana Frowde,7,46,246.87
Milk Money,Melloney Cornwall,15,68,125.57
Lovers and Lollipops,Ginger Martlew,8,75,233.15
Ghoulies IV,Irina Fish,1,24,93.51
Clonehunter,Daron Cleave,11,39,210.68
Welcome Farewell-Gutmann (Bienvenido a Farewell-Gutmann),Minerva Quadrio,4,33,201.76
"Hamburg Syndrome, The (Die Hamburger Krankheit)",Renado Olenikov,19,56,112.07
Stepmom,Sherlocke Chittey,4,28,247.81
"Naughty Room, The",Noni Vaugham,13,20,108.14
Camera Buff (Amator),Sacha Reiglar,14,64,139.92
Wallace & Gromit: The Wrong Trousers,Pepillo Nyssens,8,51,109.34
Warriors of Virtue,Abba Scanlan,18,75,223.66
Guess Who,Rana Phlipon,3,46,149.26
Blackout,Adrienne Skuce,1,62,196.73
Gettysburg,Mae Manueli,4,72,228.04
Godzilla Raids Again (Gojira no gyakushû),Alberik Lauxmann,9,57,127.75
"Gods Must Be Crazy II, The",Ulrike Brixey,15,20,59.74
"Heat, The",Bridgette Drewell,13,80,76.25
A Follower for Emily,Burr Buxsey,18,32,240.13
Young Tom Edison,Talbert Pabelik,3,30,158.25
"Dust of Time, The",Howey McKag,3,46,248.74
We're No Angels,Seline Filchakov,2,31,34.51
"Truly, Madly, Deeply",Hal Peyes,12,47,81.21
California,Callie Iozefovich,16,29,119.34
Needing You... (Goo naam gwa neui),Evelyn Hussell,13,63,227.04
"Deux mondes, Les",Fanya Height,9,27,106.29
In the Name of the King 2: Two Worlds,Shermie Glover,7,68,34.69
Across the Universe,Lazar Guillain,6,37,31.28
Jimi: All Is by My Side,Natalina Kuhnert,9,37,37.63
Flicka,Jared Copp,16,25,180.18
Position Among The Stars (Stand van de Sterren),Butch Eddolls,9,65,65.24
"Dexter the Dragon & Bumble the Bear (a.k.a. Dragon That Wasn't (Or Was He?), The) (Als je begrijpt wat ik bedoel)",Pate Khomishin,6,47,157.76
"Godzilla 1985: The Legend Is Reborn (Gojira) (Godzilla) (Return of Godzilla, The)",Orsola Gaddas,3,38,53.55
Commandments,Wang McMeanma,3,47,53.18
"Outsiders, The",Yovonnda Culross,14,23,56.98
Kissed,Allison O' Flaherty,5,58,48.26
"Experiment, The",Brandie Brahmer,1,78,70.86
Blade,Wenda Cockayne,13,29,122.57
Living with Wolves,Candra Lingfoot,9,24,146.15
Three Quarter Moon,Maure Vardey,7,69,34.05
"Girl with the Red Scarf, The (Selvi boylum, al yazmalim)",Claresta Lappin,18,68,84.11
Zebrahead,Starr Marcroft,6,45,43.1
Red Riding: 1980,Pavel Pellamont,11,71,134.02
Mumia Abu-Jamal: A Case for Reasonable Doubt?,Misha Blei,18,33,241.43
Celestial Wives of the Meadow Mari (Nebesnye zheny lugovykh mari),Cynthie Blencowe,8,22,98.07
Barabbas,Klara Gloy,3,66,118.17
Elite Squad: The Enemy Within (Tropa de Elite 2 - O Inimigo Agora É Outro),Rosaleen Ickovitz,11,33,63.98
Protocol,Paton Goulthorp,6,79,199.07
WWII IN HD,Viviene Wurz,14,52,118.6
Breaking Upwards,Cheryl Slyme,4,45,63.25
15,Edeline Gerrill,7,68,51.38
Captain Horatio Hornblower R.N.,Rebbecca Lowcock,4,79,196.16
Under the Stars (Bajo las estrellas),Audie Lyttle,11,23,128.95
Benji: Off the Leash!,Blancha Vittery,11,29,94.27
Genealogies of a Crime (Généalogies d'un crime),Enriqueta Petraitis,15,50,242.76
Sorority Wars,Karlens Palin,13,64,64.38
Redacted,Rosy Spirritt,12,77,120.16
"Lift, De",Melvyn Atlee,16,54,224.72
"President's Man: A Line in the Sand, The",Cyrillus Karolczyk,11,40,90.38
Dreamchild,Fabiano Todeo,11,35,230.55
Only Yesterday (Omohide poro poro),Carolan Breach,19,20,158.91
Yolki 2,Vinnie Anthoin,6,48,183.46
"Miracle of Marcelino, The (Marcelino pan y vino)",Malinde Bernollet,10,46,184.18
Lassie Come Home,Raimund Fitton,9,21,62.91
Tune in Tomorrow...,Milo Jarmyn,20,25,42.66
"Enemy of the People, An (Ganashatru)",Ginger Edgeler,11,65,235.13
Wasabi,Aliza Grunguer,4,33,235.79
Secondhand Lions,Querida Truggian,2,80,122.32
Talcum Powder,Romonda Curlis,9,54,118.03
Illustrious Corpses (Cadaveri eccellenti),Carilyn Kitteridge,17,43,206.04
"Three Lives of Thomasina, The",Maggy Ruste,15,57,164.48
"Medallion, The",Sutherlan Nelthorpe,5,34,38.5
Dear Diary (Caro Diario),Aubrie Cowlin,8,55,88.92
"X-Files: Fight the Future, The",Adriaens Blezard,7,49,243.45
Loving Annabelle,Sharity Mabbitt,2,56,236.2
Four Heads Are Better Than One (Un homme de tête),Fanny Rowland,10,29,192.46
Rouge (Yin ji kau),Janice Keese,2,60,57.61
"Danse: The Paris Opera Ballet, La (La Danse - Le ballet de l'Opéra de Paris)",Stu Wimlet,19,36,76.92
"Waterboy, The",Lauree Measham,19,55,65.25
"Mill and the Cross, The",Ursa Stetlye,3,36,48.69
Force of Evil,Tobias Henryson,16,32,66.9
Three Way,Joelly Hillburn,18,64,150.8
Only Old Men Are Going to Battle (V boy idut odni stariki),Livy Espinho,13,43,100.28
Mr. Skeffington,Eugenio Defries,2,21,206.42
Palestine Is Still the Issue,Ricki Redsell,16,41,52.89
My Summer of Love,Devonne Jervis,7,48,174.09
Doomsday Book,Elsie Marcome,19,77,67.01
Africa Screams,Peyton Tincey,1,33,177.09
Little Nikita,Robb Starsmeare,7,73,227.88
Must Love Dogs,Granthem Drewes,8,56,212.81
One Hundred Mornings,Rickey Norgan,4,58,236.42
"Parisienne, La (Une parisienne)",Jasun Broadley,5,58,71.7
Inescapable,Ashlin Doohey,4,43,116.42
10 Items or Less,Trescha Persich,18,47,136.29
When the Game Stands Tall,Enoch Balden,2,68,156.48
Suspended Animation,Alvie Albury,18,77,40.75
Dinner at Eight,Agneta Kynforth,20,31,121.69
"Babe, The",Dev Kluger,12,74,117.36
Boy Eats Girl,Aldridge Easby,9,71,149.63
Stay Cool,Arnuad Offer,14,20,59.31
Nuts,Rubia Metham,18,56,51.86
Magnificent Bodyguards (Fei du juan yun shan),Petra Canavan,12,27,196.48
"Blueprint for Murder, A",Rickard Medley,20,69,56.21
So Proudly We Hail!,Helen Kohneke,17,29,45.32
Inland Empire,Fons Browne,17,68,211.44
As We Were Dreaming,Jaye Melland,17,46,75.91
Exodus,Rivkah Vasyukhin,2,62,80.6
Jekyll & Hyde,Christiano Caesman,6,39,204.08
"Pointe-Courte, La",Louise Yosselevitch,19,61,51.07
Just Like Brothers (Comme des frères),Kelila Fawks,9,64,222.11
Robin Hood,Trudy Winn,7,36,165.63
Trippin',Ferne Rebichon,15,54,208.19
Snakes on a Plane,Kippar Packer,12,55,54.01
"Cable Guy, The",Loree Raftery,13,41,221.28
"Piano Teacher, The (La pianiste)",Barbabas Dade,17,79,176.63
"Haunting of Molly Hartley, The",Brew Blaxill,7,42,166.08
"She Does Not Drink, Smoke or Flirt But... She Talks",Lyda Ivankov,11,65,65.95
Liliom,Markos Sterre,11,51,199.28
Restless (Levottomat),Blaine Trollope,7,43,136.61
"I, Cesar (Moi César, 10 ans 1/2, 1m39)",Eliza Ayers,2,61,202.07
Beauty of the Day (Belle de jour),Darrell Crennan,12,62,232.79
Luxo Jr.,Pegeen Staves,1,52,156.49
Spider,Cyndy Ferrarone,14,23,219.39
Kingdom of the Spiders,Jayme Seally,19,24,241.03
American Winter,Barbara-anne Shambrook,8,78,110.64
12 O'Clock Boys,Arline Sayce,7,79,44.39
"Big White, The",Zilvia Croad,13,25,162.17
Fanny,Oliver Paz,4,41,89.09
Patema Inverted,Amii Attard,9,75,73.24
One for the Money,Bidget Seeger,9,69,216.38
Citizen Koch,Fania Keady,1,47,223.7
Faces of Death 6,Pedro Busain,6,51,218.79
Little Accidents,Sollie MacConnal,9,53,97.5
Beyond the Clouds (Al di là delle nuvole),Dari Bulter,9,61,91.49
Decampitated,Priscilla Couling,14,56,144.18
Kaksi kotia (Dagmamman),Gawen Bortoloni,5,77,173.81
Partners: The Movie II (Aibô: Gekijô-ban II),Oralie Rearie,8,53,97.41
Free Willy 3: The Rescue,Vilma Cornwell,16,21,230.93
Dr. Goldfoot and the Girl Bombs (Le spie vengono dal semifreddo),Hinze Kingsbury,12,67,220.75
"Hen, his wife",Conway Connerly,6,53,186.02
"Strange Case of Dr. Jekyll and Miss Osbourne, The (Dr. Jekyll and His Women) (Docteur Jekyll et les femmes)",Rudyard Mossdale,2,80,107.57
"Tale of Ham and Passion, A (Jamón, Jamón)",Bronnie Giblett,18,56,125.88
That's The Way I Like It (a.k.a. Forever Fever),Ralina Farnworth,6,71,193.57
"Goofy Movie, A",Cameron Demcik,8,58,144.19
"Loss of a Teardrop Diamond, The",Auberon Bladen,10,27,100.76
Linewatch,Reeba Gerardet,7,38,217.05
"Sleepy Time Gal, The",Ransell Rojahn,17,29,62.25
Martian Child,Robbin Squibbs,15,25,100.19
God Save My Shoes,Mollie Raccio,8,77,119.36
"Body, The",Phylys Ossulton,8,39,181.66
"Dennis the Menace Christmas, A",Barby Atyea,17,72,104.99
Jimmy Hollywood,Sandy Mabbott,9,45,38.34
Christmas in August (Palwolui Christmas),Wyn Puckey,10,65,190.29
One Nation Under God ,Willa Derks,16,51,106.91
