Killer Elite,Cammy Redan,139,185.58,2013,9
Floating Skyscrapers,Hastings Olivera,57,134.79,2013,10
Pi,Giavani Colten,105,86.13,2009,3
In Which We Serve,Pansie Morrison,163,204.81,1983,8
Sharpe's Gold,Seumas Glancy,186,247.13,1991,3
Ecstasy in Entropy,Ichabod Hafner,110,176.07,1977,6
Faust,Jonah Wastall,195,125.41,2013,4
Superman Returns,Carly Garnsey,153,144.83,1997,5
Thin Ice,Vilma Rehme,39,49.74,1984,5
The Well-Digger's Daughter,Salvidor Casazza,72,83.44,1972,8
A Via Láctea,Calvin Sergent,170,115.69,1973,7
Second Best,Orin Birkbeck,76,136.65,1969,1
Canciones de amor en Lolita's Club,Gerek Courage,134,45.42,1987,3
I Will Buy You (Anata kaimasu),Catlin Milksop,58,107.51,1969,2
The Lone Ranger,Danell Raff,193,192.86,1962,7
"Three Brothers, The (Les trois frères)",Pen Scimonelli,137,69.12,1993,6
Experiment in Terror,Caro Durgan,107,178.0,2015,9
Sydney White,Shea Whitington,138,174.96,1980,8
In This Our Life,Cyndi Bellin,76,52.58,1975,1
This Gun for Hire,Christie Placstone,76,44.04,1983,4
Mutiny on the Bounty,Burnard Robison,156,233.85,1982,9
Staying Together,Skyler Phipson,75,115.69,1976,9
"Boat, The",Skelly Lyford,112,58.48,1988,2
Cowards Bend the Knee (a.k.a. The Blue Hands),Modestine Spriddle,28,62.93,2005,7
Ike: Countdown to D-Day,Elsy Scoates,32,159.79,2017,10
Hostile Witness,Luella Neem,152,88.43,1964,8
Tribute,Cleve Shillington,138,114.0,2009,1
"Guardian, The",Cedric Creeboe,98,194.22,1995,4
Sharknado,Mil Wardington,186,248.74,2013,4
The Dot and the Line : A Romance in Lower Mathematics,Louise Cockman,91,56.75,2003,2
Diary of a Shinjuku Thief (Shinjuku dorobo nikki),Harlin Gavriel,120,168.81,2011,3
"Zidane: A 21st Century Portrait (Zidane, un portrait du 21e siècle)",Hugo Levison,116,147.41,1987,7
Storm,Rafe Corrado,41,31.47,1966,10
"Last Metro, The (Dernier métro, Le)",Alfred Wandrich,193,210.05,1995,1
"Have Dreams, Will Travel",Rozina Georgeau,101,164.7,1968,3
"Dunwich Horror, The",Melicent Meeland,159,50.46,1985,4
Knocked Up,Barbette McGaffey,149,139.03,1970,10
Below,Layney Rossander,84,117.32,1987,7
Ulysses' Gaze (To Vlemma tou Odyssea),Ethel Dillway,26,189.65,2007,9
"Sun Also Rises, The (Tai yang zhao chang sheng qi)",Hilde Almond,182,241.7,1968,2
AmeriQua,Jdavie Yare,23,192.69,1999,4
Holidays by the Sea (Ni à vendre ni à louer),Gerome Fretwell,89,180.82,2007,7
Navy Seals,Rozanne Cartwright,200,52.71,1976,10
"Circus, The",Ailene Brimblecomb,56,63.08,1981,4
The Damned,Georgia Farney,103,174.09,1972,2
"Idiot, The (Hakuchi)",Zulema Erskin,150,97.91,2011,8
"Details, The",Marlane Bromfield,181,128.84,1977,10
Out of the Fog,Eada Hallows,87,129.98,1964,4
Little Buddha,Mareah Campana,149,53.42,1961,1
Black Book (Zwartboek),Andrey Lantoph,35,85.74,1974,2
Pornography (Pornografia),Lurlene Conkie,25,219.39,2009,2
Lord of Illusions,Federica Butts,71,226.17,2005,2
Alaska: Silence & Solitude,Saw Berndtsson,25,88.32,1984,3
John Wick,Baird Dishman,43,147.21,2015,4
Joan of Paris,Ruy Wehden,116,87.07,2012,6
Battle Royale (Batoru rowaiaru),Evelin Twittey,62,63.05,1961,2
"Chinoise, La",Winifield Paule,99,238.74,2009,7
Man on Fire,Antonia Strasse,39,147.46,2017,6
In Secret,Lisette Tretter,115,70.67,1988,10
Chicago,Priscilla Darling,174,82.9,1981,8
Punishment Park,Shamus Whitehall,91,166.9,2005,2
Hallam Foe (Mister Foe),Georgina Barensky,75,32.56,2020,6
That Day (Ce jour-là),Addison Waghorn,82,235.04,1971,6
Chastity Bites,Hi Rheubottom,195,191.56,2003,4
Point of No Return,Caresa Tilbey,121,240.19,1992,6
Night on Earth,Chastity Massingberd,127,65.88,2013,1
Leather Jacket Love Story,Cayla Pantecost,46,118.1,1971,2
South of the Border,Marvin Waggitt,32,237.42,1990,3
Limit (Limite),Barde Marfe,76,140.8,2012,5
Holy Rollers,Gard Coytes,42,212.44,1963,8
Knife in the Water (Nóz w wodzie),Analiese Paumier,104,160.07,2008,7
Wonder Bar,Leanna Winger,37,80.47,2014,3
"Simple Wish, A",Elie Traill,192,131.76,2005,4
Blood,Hildegaard Gorvette,29,107.1,2020,9
Snowball Express,Edi Gecks,33,150.35,1976,10
Valdez Is Coming,Berty Connah,116,57.73,1994,2
"Scarlet Letter, The (Der scharlachrote Buchstabe)",Enrique De Lascy,54,205.31,1982,5
Demetrius and the Gladiators,Kalina Mordacai,171,161.04,2016,9
24 Exposures,Brigitta Delmage,111,158.05,1969,1
Distant Thunder,Corabel Bandiera,90,82.08,1970,7
Johnny 100 Pesos (Johnny cien pesos),Caty Vockings,161,80.56,1988,7
Nola,Rafael Donaghie,25,95.87,1979,3
Werner - Gekotzt wird später,Ardra Hutley,126,245.29,1978,10
A-Haunting We Will Go,Austina McGee,199,51.44,1979,1
"Embalmer, The (Imbalsamatore, L')",Timofei Tratton,185,237.98,1968,8
The Lego Movie,Koenraad Szymanowski,115,99.5,1972,6
Dirty Love,Marve Tows,109,109.95,2019,2
Machete Kills (Machete 2),Mortimer Ludwell,109,94.97,1978,7
"Pretty Village, Pretty Flame (Lepa sela lepo gore)",Cymbre Filoniere,50,65.4,1990,5
Then I Sentenced Them All to Death (Atunci i-am condamnat pe toti la moarte),Christy Macieja,73,180.73,2020,8
Where the Boys Are '84,Mario Marrill,97,224.31,1960,5
Big Bad Mama,Lonee Ellis,157,67.91,1972,2
Year of the Dragon,Cristi Roads,157,74.62,1967,1
"Fog, The",Rik MacDonagh,172,46.24,2014,5
Terry Pratchett: Choosing to Die,Brier Jakov,139,188.09,1976,1
Malibu High,Gordon Tincombe,156,56.24,1979,9
Buck Privates,Coletta Fowls,192,241.86,1981,4
The Land Before Time VII: The Stone of Cold Fire,Niccolo Attreed,81,132.73,1962,10
Blood Beach,Jaquelyn Sommerton,112,126.77,1977,6
Rollerball,Randall Fiddymont,118,210.52,1962,4
Born to Defense (Zhong hua ying xiong),Idalia Dennehy,160,172.53,1972,1
Hara-Kiri: Death of a Samurai,Kerr Slym,108,41.08,1976,7
"Pleasure Party (Partie de plaisir, Une) (Piece of Pleasure, A)",Tabina Etchell,134,165.16,1999,6
Lord of Illusions,Sandie Rattray,136,246.56,1996,5
"King and the Clown, The (Wang-ui namja)",Isadora Deppen,169,182.0,1983,9
Once Upon a Time in China III (Wong Fei-hung tsi sam: Siwong tsangba),Nealon MacKnocker,131,147.57,2008,6
The Hunters,Gawen Weale,130,184.95,2003,7
247°F ,Lilith Robberts,128,201.6,1987,1
Undercover Man,Garik Furmage,186,200.36,1982,5
"Little Stiff, A",Melanie Capstack,113,89.25,1982,6
"Edge of Heaven, The (Auf der anderen Seite)",Barry Sams,53,106.35,2000,1
Ordinary Decent Criminal,Reamonn Philippault,162,134.24,1989,5
"Road to Hong Kong, The",Jasmina Halston,106,87.22,2018,7
"Thin Red Line, The",Giffer Robertelli,82,221.84,1969,2
Mugabe and the White African,Janina Portman,168,214.24,1975,1
Babylon 5,Curran Stoodley,35,38.91,1971,10
"Last of England, The",Angelle McHale,170,159.59,1963,7
Communion,Ealasaid Morehall,146,120.12,1972,2
"Pig's Tale, A",Janos Tapsell,30,173.79,2004,3
Sex Tape,Gerek Evitts,84,49.82,1965,2
Bloody Murder,Suzi Shepard,164,202.9,2010,6
Rocky,Jacobo Cawson,116,210.46,1995,4
Bill Maher: Victory Begins at Home,Ferrel Rawstorne,142,193.12,1990,7
Close Encounters of the Third Kind,Ethan Balaizot,94,201.52,2019,1
"Bohème, La",Eveleen Tuma,149,36.99,1992,8
Hell's Hinges,Katherine Dallison,177,100.34,1989,3
Hotel Hell Vacation,Myrilla Annis,121,68.72,1974,5
To.get.her,Mannie Camerati,197,167.54,1992,7
Company Business,Brittaney Maddy,101,122.52,2018,4
Heading South (Vers le sud),Marin Manvell,159,191.33,2009,10
There's No Business Like Show Business,Denyse Sange,170,197.83,1987,10
Dinner at Eight,Shae Sallarie,22,121.03,2002,4
Terminal Velocity,Loree Paolillo,169,30.17,1994,9
JFK,Gabie Trevaskus,73,54.78,1983,6
The Punisher: Dirty Laundry,Esme Ricciardi,35,92.18,2018,4
RFK Must Die: The Assassination of Bobby Kennedy,Daryl Hegg,95,52.61,2012,5
French Twist (Gazon maudit),Dierdre Grosier,63,40.31,1989,9
Reality,Cam Colebourne,76,66.29,1973,7
Belle comme la femme d'un autre,Kathryn Greenside,91,226.32,2003,6
Stonehenge Apocalypse,Bunni Lotterington,85,86.39,2000,4
Medea,Giff Junkison,106,193.55,2019,7
Here Without Me (Inja bedoone man),Sharyl Tydeman,111,115.9,2019,8
American Loser (Trainwreck: My Life as an Idiot),Almire Joselin,68,85.13,1991,7
"Man in Grey, The",Fran Columbell,169,52.97,1971,9
"Grey, The",Gaston Marty,107,105.41,1995,2
Blackbird,Reg Crewes,157,155.65,1987,3
Shrek 2,Alberta Kingsley,63,60.87,1985,9
Short Circuit 2,Edythe Kingscote,29,160.07,1985,6
Rumble Fish,Marshal Brade,121,30.64,1969,6
"Murder, My Sweet",Siffre Picott,188,42.16,1992,6
Summer Catch,Abelard Duval,46,55.1,2006,7
Blood on Satan's Claw (a.k.a. Satan's Skin),Doretta Gonnard,155,179.05,1978,8
Red Psalm (Még kér a nép),Taber Dossit,141,206.2,2009,2
Heartbreaker (L'Arnacoeur),Rhys McPolin,38,95.24,2018,2
Along the Sungari River (Song hua jiang shang),Isabelita Sine,185,79.09,2004,4
"Swan Princess, The",Maury Arundell,156,174.68,2000,6
Take Shelter,Eleanore Tettley,185,168.39,2002,10
From Hell,Lil Ree,179,232.8,1977,10
"Monitor, The (Babycall)",Julietta Duckerin,106,30.64,1979,6
My Chauffeur,Vere Dixsee,82,166.34,2020,2
Clifford's Really Big Movie,Diahann Farrey,53,195.03,2001,10
Cobra,Abe Bilbrey,102,136.4,1996,5
Above Suspicion,Georgetta Trett,95,135.03,1996,5
Mr Hublot,Abey Casero,33,95.58,1966,7
Wallace & Gromit: The Best of Aardman Animation,Sharia Mossdale,184,169.9,2015,1
Sleep Dealer,Bink Scneider,181,116.0,1980,1
Army of Shadows (L'armée des ombres),Carey Rannie,55,223.22,1966,5
So It Goes (Korsoteoria),Cully Houston,131,112.85,1976,10
Mom and Dad Save the World,Glyn Tarr,179,166.54,1971,2
Ankur (The Seedling),Leland Ruddock,103,184.48,1982,3
Alexander the Great,Savina Dorbin,178,34.27,1987,2
Two Deaths,Karoline Conen,125,52.83,2012,4
Brother,Linnet Schild,128,168.53,1967,9
Who Killed the Electric Car?,Trent Charlson,24,187.38,2014,8
"Town That Dreaded Sundown, The",Brittne Fergusson,52,246.41,1989,5
You Killed Me First,Melonie Grinstead,134,206.56,1999,3
One Point O,Sheff Goulding,170,195.19,1961,4
Dancing at the Blue Iguana,Sadie L'oiseau,98,234.13,2012,1
Lone Wolf and Cub: Baby Cart in Peril (Kozure Ôkami: Oya no kokoro ko no kokoro),Darin Deeprose,69,112.68,2012,5
7 Days (Les 7 jours du talion),Marve Sarch,144,31.01,1980,1
Requiem,Jillane Peiser,122,106.2,1975,3
Skyfall,Ivy Stidson,118,231.59,2004,8
Higher and Higher,Robyn Brewer,194,208.82,2006,5
Torment (Hets),Merline Gardiner,38,52.24,1985,7
Scanners,Reine Ivain,156,124.18,2019,7
Quo Vadis,Mendie Wilford,53,116.04,1993,6
"Expert, The",Vassily Cassells,64,101.45,1977,5
Happy Here and Now,Chickie Wimbury,180,30.7,1973,6
All at Sea,Prentice Kiwitz,152,125.8,1998,3
City by the Sea,Lu Janusik,34,56.91,1989,4
Negative Happy Chainsaw Edge (Negatibu happî chênsô ejji),Faye Learmont,42,156.1,2016,6
Before Night Falls,Noel Deeley,153,76.01,1963,7
Good Morning (Ohayô),Danny Shimman,183,143.48,2013,2
"Sheriff and the Satellite Kid, The",Daphne Swindell,154,83.55,1993,7
Restless Natives,Archambault Life,175,57.89,1970,5
Una Noche,Cathee Waddell,107,208.05,2014,10
Chimpanzee,Welsh Chataignier,57,231.89,1984,7
"Reuben, Reuben",Hinze Polk,103,177.84,1970,10
Division III: Football's Finest,Nerta Lupton,107,187.12,1967,4
War and Peace (Jang Aur Aman),Max Bortolussi,23,170.37,1983,7
Hamburger Hill,Robin Baldery,107,91.19,2002,7
Manufacturing Dissent,Yankee Marsden,105,172.99,1999,10
"Hello, Dolly!",Delora Tegler,48,199.4,2018,9
Payback,Kylie Vardey,106,240.65,1982,9
I'm Here,Marlo Wilmington,148,213.36,1973,6
SIS,Cross Dudderidge,178,234.15,1989,7
Boy Meets Girl,Karalynn Faloon,37,50.56,1995,6
How to Be,Adelina Ronnay,36,194.45,1997,1
"World Apart, A",Waite Razzell,175,239.06,1983,5
Fighter in the Wind,Nickie Pressdee,74,162.49,1996,7
"Devil's Rain, The",Jaimie Thackeray,98,97.14,2004,2
Too Shy to Try (Je suis timide... mais je me soigne),Scotty Johns,196,90.51,1993,10
"Freshman, The",Raffaello Littledyke,179,179.14,2008,8
Nils Karlsson Pyssling,Joann Byrcher,72,241.8,2010,3
Freezer,Hedvige Mussetti,144,105.31,2014,1
"Hundred-Foot Journey, The",Ola Ortet,182,136.64,1989,6
Cabin Fever 2: Spring Fever,Morgana Shackleford,161,124.72,1994,9
Rescue Dawn,Valeria Pragnell,20,91.18,1966,5
Life Stinks,Rachele Mingus,131,48.14,1989,1
Take Out,Orland Oliffe,59,95.88,2010,6
Aziz Ansari: Dangerously Delicious,Rockwell Lesly,184,205.09,2000,4
Madonna: Truth or Dare,Janka Gorgen,142,205.98,2014,1
"Bad Boy (Story of Danny Lester, The)",Ericka Farnan,106,81.45,1994,3
Satan's Sword (Daibosatsu tôge),Justinian Dyka,138,39.34,2000,10
Blow Dry (a.k.a. Never Better),Dimitri Allsworth,162,191.57,1969,3
Trapped,Louisette Fluin,49,190.39,1963,4
Babes in Arms,Carlita Mein,136,119.01,2004,1
"Kids Are All Right, The",Aggie Prevost,144,105.28,1990,3
Shackleton's Antarctic Adventure,Fernandina Howler,108,131.01,1979,9
Let's Not Get Angry (Ne nous fâchons pas),Manuel Rout,110,209.41,2015,7
Wheels on Meals (Kuai can che),Adaline Mudd,53,159.35,2020,10
Km. 0 - Kilometer Zero (Kilómetro cero),Douglass Burnside,29,115.42,2013,6
"Agony and the Ecstasy, The",Farlie Persence,67,206.64,1960,3
Hilary and Jackie,Katalin Yushkov,71,138.78,1995,1
Centurion,Christian Sustins,144,202.56,1965,6
Away with Words (San tiao ren),Maressa Jowle,120,68.47,1997,10
Paradise Road,Jean Surgenor,179,199.96,1964,9
Born Rich,Sutherlan Pooly,173,225.4,2011,10
Victim,Moreen Bardsley,82,126.64,1997,9
Smokey and the Bandit III,Goldy Matuszyk,115,209.05,1976,9
Mad Money,Shaw Musker,26,197.53,2016,1
Stepfather II,Eleni MacLice,93,88.38,1966,2
God Is Brazilian (Deus É Brasileiro),Gwendolin Aronow,173,117.9,2010,5
"Starfighters, The",Pavla Kubal,26,222.08,1986,10
Million Dollar Arm,Jarvis Zorer,150,86.7,2013,2
Sokkotanssi,Hildagard Gammon,165,210.31,1962,9
Hecho en México,Paddie Bowser,34,223.8,2006,6
Crooks in Clover (a.k.a. Monsieur Gangster) (Les tontons flingueurs),Karlis Subhan,130,113.9,1966,10
The Blue Room,Hedda Pilley,83,194.25,2014,5
Asphalt,Justino Hillen,181,96.66,1971,1
Sandra of a Thousand Delights (Vaghe stelle dell'Orsa...),Missie Mincher,39,247.04,1962,10
Operation Dumbo Drop,Elissa Reinard,163,41.42,1962,6
Summer Palace (Yihe yuan),Donelle McCord,35,183.87,1967,10
Dodgeball: A True Underdog Story,Berny Ruseworth,156,146.45,2014,4
Bluebeard (Landru),Dell Karran,64,230.68,1990,10
Things Change,Doroteya Tooby,27,33.78,1979,3
National Theatre Live: Frankenstein,Gilberta Clines,108,186.33,1982,1
All These Women (För att inte tala om alla dessa kvinnor),Saraann Sholem,108,105.28,2017,9
Cheaper by the Dozen,Evy McGookin,29,214.44,2013,6
"Fog of War: Eleven Lessons from the Life of Robert S. McNamara, The",Parrnell Burrage,144,139.94,1960,6
Daisies (Sedmikrasky),Flossy Piccard,130,115.99,1977,6
You Are God (Jestes Bogiem),Mordecai Britton,148,59.78,2020,3
Night on Earth,Cherey Redihough,39,108.8,2004,5
"Prince & Me, The",Felipe Helks,32,77.56,1996,1
Restrepo,Ermentrude Szwandt,200,144.88,1977,8
Buddies (Colegas),Anthony Sheridan,92,33.17,1971,2
"Convent, The (O Convento)",Guglielma Frigot,81,171.81,1966,4
The Mask You Live In,Dorise Pinsent,147,149.92,1989,4
Doom,Rubia Soutar,178,238.97,1966,3
"Muse, The",Christalle Mashro,88,218.53,1975,6
Wolf Creek,Ruth Hatley,33,79.66,2007,8
Thumbelina,Bevon Worstall,42,34.96,2018,10
Babylon 5: The Lost Tales - Voices in the Dark,Madalena Bortolozzi,163,35.63,1991,7
"Ninth Configuration, The (a.k.a. Twinkle, Twinkle, Killer Kane)",Bee Deery,167,82.86,2007,5
Hotel Pacific (Zaklete rewiry),Maddie Dict,40,68.95,1984,10
Descendant of the Sun (Ri jie),Beltran Joseland,22,69.0,1993,6
Something to Sing About,Aeriel Henriet,132,93.69,1977,6
"Age of the Medici, The (L'età di Cosimo de Medici) ",Matty Gitthouse,97,191.54,1965,2
"Education of Little Tree, The",Theadora Fetterplace,23,145.66,1991,4
Wait Until Dark,Mavra D'Oyley,193,148.0,1969,4
Gunfighter's Moon,Edgardo Mallender,133,193.39,1988,10
"Saratov Approach, The",Jaine Lodge,117,98.28,1981,2
Ca$h,Gaylord Bovingdon,34,248.28,1992,9
Deal of the Century,Corene Mansuer,39,197.43,1989,5
Gurren Lagann: The Lights in the Sky are Stars (Gekijô ban Tengen toppa guren ragan: Ragan hen),Rosabel Govinlock,154,201.84,1980,1
Resident Evil,Emera Morfield,129,201.94,1993,9
Restraint,Lisette Rainforth,141,30.55,1971,5
City Girl,Artemas Hambrick,100,133.2,1973,7
Arn: The Kingdom at Road's End (Arn: Riket vid vägens slut),Floria Vamplew,32,113.66,1971,7
Clay Pigeons,Carolan Bayman,48,191.62,1962,9
Cosi,Gregor Yushankin,195,180.38,2016,7
Alien Nation: Body and Soul,Caryl Elphee,161,67.87,2001,9
"Spook Who Sat by the Door, The",Florina Leacy,91,245.56,2020,5
Tarzan's New York Adventure,Kristine MacLennan,42,190.06,1979,8
"Curse of Frankenstein, The",Arvy Grunguer,195,139.01,1991,8
"Letter From Death Row, A",Roda Richardet,60,151.64,1963,3
Painted Lady,Edouard Courvert,38,236.98,2014,3
Asterix and the Big Fight (Astérix et le coup du menhir),Sybilla Saward,62,79.17,1997,7
"Sticky Fingers of Time, The",Kennett Blyth,55,183.05,2020,3
So Dear to My Heart,Darrell Tuminini,83,122.15,1976,5
"Purple Gang, The",Suzette Goodfellowe,44,118.92,1991,9
Chain Lightning,Charlie Shouler,181,216.83,1999,10
"Promise, The (La promesse)",Torrence Dummigan,199,76.95,2019,7
My Neighbors the Yamadas (Hôhokekyo tonari no Yamada-kun),Cass Petican,192,154.52,1993,4
"Triplets of Belleville, The (Les triplettes de Belleville)",Deeyn Laxon,96,200.01,1998,4
Holiday Inn,Carleen Bogeys,62,35.39,2018,6
Predator 2,Guinevere Rampley,56,130.37,1964,7
Gabriel Over the White House,Hazel Scullin,119,61.8,1988,5
True Heart,Gerek MacDougall,78,34.19,2016,2
"Amazing Transparent Man, The",Artur Gauvain,101,154.7,1996,8
"Brothers O'Toole, The",Pia Parsall,67,122.1,1981,5
Rumble in the Bronx (Hont faan kui),Kirsti Episcopio,96,202.12,1988,7
Maid of Salem,Clem Conti,111,154.74,1962,10
Tracks,Paton Bohan,157,65.1,1970,1
Light Sleeper,Reggie Sutherley,165,138.99,1979,1
Cheech & Chong's Nice Dreams,Kristofer Sleightholme,191,31.64,1994,9
Dragon Fist (Long quan),Robin Kowal,181,134.81,1993,2
The Fifth Season,Abbott Renak,152,90.32,1975,5
90 Minutes (90 minutter),Augustine Penhallurick,36,238.93,1989,8
Trash,Emmett Sowte,54,198.78,1960,4
Is Anybody There?,Dar Insoll,181,168.23,1965,10
Basket Case 3: The Progeny,Nolly McGee,109,202.3,1991,8
A Cry in the Wild,Giraud Haydon,169,64.45,1974,8
"Silent Partner, The",Javier Guile,178,37.84,1986,5
The Floating Castle,Addie MacAskill,88,158.03,2000,5
Ernest Saves Christmas,Astrix Obern,99,242.74,2008,10
"Little Shop of Horrors, The",Brook Olin,73,137.11,2000,4
Paradox,Alon Cleverly,199,208.55,1985,9
120,Davy Hannah,116,123.05,2008,3
"Garden of Eden, The",Tadio Ogley,200,217.12,1977,10
Murder Ahoy,Thibaud Tulk,110,85.7,2001,1
How the West Was Won,Titos Coulson,41,185.75,1973,2
Panic in the Streets,Blaine Stenet,74,134.07,1981,4
"Yor, the Hunter from the Future",Augie Berthomier,146,234.67,1974,5
One-Way Ticket to Mombasa (Menolippu Mombasaan),Tyrus Tremethack,62,125.27,1968,5
Coach Carter,Angelo Minot,89,186.03,1967,10
Tidal Wave,Fanechka Fennelow,21,139.65,2016,7
Sangre de mi sangre (Padre Nuestro),Judith Mara,112,155.5,1987,10
Edward Scissorhands,Alanah Vondruska,185,191.49,1966,1
Blue Sky,Chelsie Greensitt,108,65.97,1999,10
Midnight Dancers (Sibak),Margret Stoacley,196,226.75,1983,6
"Express, The",Shanna Elgar,139,245.93,1984,4
Stars and Bars,Hew Hubberstey,151,105.83,1963,4
"Skeleton Key, The",Agnese Sawforde,93,178.82,1982,10
Sophia de Mello Breyner Andresen,Margie Children,161,214.99,2000,3
Things We Do For Love (Kaikella rakkaudella),Cherilyn Ambrogi,138,206.19,1994,3
"Nine Lives of Fritz the Cat, The",Enos Faldoe,65,91.44,1994,2
Lines: Horizontal,Alden Babalola,138,52.16,1988,4
Rapid Fire,Audre Kahler,120,194.98,1992,1
Clueless,Hermina Velez,95,177.46,1970,10
Tarzan's Greatest Adventure,Benyamin Tanser,141,212.85,1999,4
"Family Tree, The",Rochester Betancourt,78,106.54,1977,7
Soapdish,Alana Tumbelty,118,166.44,2011,5
"Legend of Lizzie Borden, The",Yvon Beinisch,181,202.39,1964,10
There Goes My Heart,Layney Pardey,38,133.39,1974,10
Manufactured Landscapes,Ranique Fonteyne,36,58.29,1969,7
Maybe Baby,Brianna Strathman,133,129.44,1982,7
Molly Maxwell,Marmaduke Studders,47,133.21,1995,10
Eaten Alive,Sondra Heindl,132,83.78,1985,7
"Convent, The (O Convento)",Jayme Georgel,93,201.05,1972,10
Entity,Rhett Spleving,48,185.06,2013,2
Peter and Vandy,Gabbey Daout,51,70.33,2007,1
2001: A Space Odyssey,Nicolais Tommasetti,142,230.02,1963,5
Bus 174 (Ônibus 174),Janela Moye,129,83.67,1982,9
"Greatest, The",Sidnee Pendleberry,26,242.22,1979,2
Junior,Harri Finby,193,168.86,1993,4
How Stella Got Her Groove Back,Clayton Gillitt,155,245.23,1960,1
"Last of the Unjust, The (Dernier des injustes, Le)",Lucky Attyeo,140,246.31,1976,10
"Idle Class, The",Dee Ferrara,101,149.29,1979,10
Mansfield Park,Chase Wassell,42,71.24,2001,10
Police Python 357,Clarinda Popov,96,235.06,2008,2
"Men Who Tread on the Tiger's Tail, The (Tora no o wo fumu otokotachi)",Heinrick Tissington,42,155.54,1996,1
Diary of a Lost Girl (Tagebuch einer Verlorenen),Lily Fulk,47,122.71,1971,1
Time Without Pity,Joey Seale,117,171.97,1984,9
A Chinese in a Coma,Kelcie Yoakley,146,136.91,2016,7
Black & White & Sex,Martina Malim,76,210.83,2004,3
Who's Singin' Over There? (a.k.a. Who Sings Over There) (Ko to tamo peva),Bordie Shilito,166,185.13,2002,10
Looking for Comedy in the Muslim World,Rachelle Hinrichsen,136,49.5,1983,6
"One and Only, The",Bevon Kingh,144,113.42,1989,3
Kika,Aldric Wilcocke,57,231.19,1986,1
Faces of Death 5,Jammie Keyden,167,205.49,2002,10
Tali-Ihantala 1944,Therese Kopmann,108,59.79,2014,10
Abbott and Costello Go to Mars,Roxanna Jans,154,120.17,1971,9
"Private Eyes, The",Harbert Udale,194,110.25,2011,4
Sarafina!,Dorisa Zappel,98,159.96,1967,5
Killing Auntie (Zabicie ciotki),Selia Alabastar,176,126.04,2003,1
"Too Early, Too Late (Trop tôt, trop tard)",Emmanuel Berge,145,150.06,1973,5
The Vexxer,Ashby Abramovici,50,38.25,1995,1
"Good Time Girls, The (Bonnes femmes, Les)",Randene Minter,190,181.76,1964,9
Murders in the Zoo,Winn Farncombe,52,101.18,2007,1
Dil Se,Raynard Tilbey,171,157.49,1962,3
Richard III,Melantha Taill,68,195.64,2006,10
"Man I Love, The",Pete Coakley,171,50.85,1982,3
Star Wars: Episode V - The Empire Strikes Back,Mayne Cropp,196,64.56,1973,8
"Revolution Will Not Be Televised, The (a.k.a. Chavez: Inside the Coup)",Marjy Lightbody,115,123.75,1980,8
Mean Machine,Trefor Butland,56,150.76,2000,9
The Other Side of the Mountain,Sonni Sabate,76,119.7,1960,2
Man on the Moon,Welby Bramer,60,79.37,1968,5
13B,Herta Ilyukhov,115,65.58,1990,7
Time of the Gypsies (Dom za vesanje),Howie Jerrim,188,86.2,1980,8
Prowl,Liliane Oliva,29,79.21,1970,10
Enemy at the Gates,Nessy Lusher,195,44.38,1987,10
Twin Peaks: Fire Walk with Me,Geordie Korba,179,67.61,1988,6
Bajo la Sal (Under the Salt),Nicolais Sighard,199,182.4,1979,1
Over Her Dead Body,Obediah Hawksby,52,91.45,1990,7
Model,Lynde Janus,200,172.64,1962,3
Beau Brummell: This Charming Man,Maryrose Spyvye,145,179.54,2006,10
Power Play,Paloma Eykelhof,118,217.56,1972,1
Revenge of the Nerds III: The Next Generation,Johnnie Carnegy,182,182.7,1971,4
"Drive, He Said",Frances Plumbridge,111,171.27,1996,2
Battle in Seattle,Lauritz Stonebanks,184,81.59,2018,9
Ice Soldiers,Mandel Vanderplas,74,101.48,2004,7
Viva Zapata!,Brand Sibbs,176,216.11,2011,4
Challenge of the Masters (Liu A-Cai yu Huang Fei-Hong),Eleonora De Clairmont,134,76.9,1974,1
Désiré,Stafford Seathwright,75,111.54,1964,6
"Boys & Girl from County Clare, The (a.k.a. The Boys from County Clare)",Carlene Kulas,47,166.78,2003,9
Tenderness,Maren Blum,41,132.61,1974,1
Treasure Island,Noble Mignot,170,142.98,2000,7
Accidents Happen,Richart Wanklyn,116,166.03,1991,9
Among Giants,Keary Bytheway,160,45.72,1994,6
Angele,Tremain Boxen,117,97.79,1965,7
Surviving the Game,Jerrold Barrott,176,134.69,1984,8
9 Souls (Nain souruzu),Sidnee Robson,125,37.43,2000,5
"Hurricane, The",Barrett Carous,39,130.53,1967,2
We Were Here,Yule Igounet,163,47.8,1986,10
"Buy the Ticket, Take the Ride: Hunter S. Thompson on Film",Aeriela Hollingsby,51,132.59,1987,6
Eastwood on Eastwood,Huntington Sapsford,145,96.94,1988,3
"Baby of Mâcon, The (a.k.a. The Baby of Macon)",Sully Aitken,191,187.3,2008,6
Inglourious Basterds,Lilyan Tewkesbury.,99,114.51,1975,7
"Three Burials of Melquiades Estrada, The",Ade Chivrall,72,82.89,2019,2
Cry_Wolf (a.k.a. Cry Wolf),Alejandro Andreolli,108,108.15,1990,3
Faces of Schlock,Ham Zellick,66,84.96,1999,3
Cousin cousine,Haily Torvey,102,78.48,2003,2
"Hush... Hush, Sweet Charlotte",Dexter Probetts,93,191.52,2008,1
Something Real and Good,Leslie Dobbinson,80,207.47,2020,9
Once Upon a Time (Der var engang),Rosamund Morlon,50,211.93,1966,9
Defying Gravity,Petronille McAvaddy,44,236.61,1977,6
Harriet the Spy,Amelia Mohammad,142,186.27,1968,4
"Doctor Takes a Wife, The",Mella Cuniffe,198,101.18,2004,6
Strangers with Candy,Rori Tomasicchio,164,93.81,1982,5
"Night in the Life of Jimmy Reardon, A",Roth Barstowk,173,211.2,1987,1
British Sounds,Shannan Leathlay,131,248.01,2003,10
Half Nelson,Melodee Aysik,100,83.69,2017,6
"Stranger Among Us, A",Jere Bolgar,64,85.67,1978,10
Pauly Shore Is Dead,Menard Philcock,50,105.77,2004,8
Geronimo: An American Legend,My Marchenko,184,172.64,1972,8
"Shape of Things, The",Hillel Amberg,23,128.17,1965,3
Mr. Accident,Catharina Origan,43,220.24,1980,10
Body Bags,Rivi Baldazzi,147,57.56,1978,5
Amazing Journey: The Story of The Who,Ly Theuss,23,87.33,1996,3
"Loves of Pharaoh, The (Das Weib des Pharao)",Gayle Verlander,112,68.17,1998,5
Cowboy,Wendi Digle,48,31.48,1992,2
The Party,Hazel Sheeres,71,103.85,1961,10
Mortdecai,Padget Volage,154,40.8,2015,7
The Adventures of Tom Thumb & Thumbelina,Catrina Copsey,89,77.49,1978,2
"Lonely Passion of Judith Hearne, The",Conney Culley,66,86.5,2008,7
Paperhouse,Locke Itscowicz,66,139.45,2013,10
Nature Calls,Betsy Thowes,63,141.97,1997,3
The Wind in the Willows,Gwendolen Danby,164,123.79,1975,9
Unhook the Stars,Benson Verna,72,97.97,2012,4
Dark House,Curt Maxwaile,60,162.42,1967,8
"First Case, Second Case (Ghazieh-e Shekl-e Aval, Ghazieh-e Shekl-e Dou Wom)",Courtney Tredget,191,244.4,1989,5
Thirst (Pyaasa),Edythe Stephens,183,197.39,2015,5
Mr. Belvedere Goes to College,Nicola Penfold,25,200.77,2007,9
Surf Ninjas,Florenza Tutchener,26,214.15,2015,3
"Soul of a Man, The",Chip Hilliam,79,242.54,2020,10
"Moment of Truth, The (Il momento della verità)",Johnny Schimke,118,53.84,1999,8
Card Subject To Change,Graig Crennan,156,51.7,1960,10
Mille bolle blu,Dael Belf,160,215.76,1980,4
"Emperor's New Groove, The",Evanne Guildford,188,105.97,1971,9
Breaking the Silence: Truth and Lies in the War on Terror,Clo Stearne,57,68.1,2016,6
Dark Star,Rebe Hyslop,107,206.76,1976,7
Starry starry night (Xing kong),Barnabas Baybutt,111,34.98,1973,3
"Iron Rose, The (Rose de fer, La)",Beck Greenroyd,197,117.99,2006,10
Cold Steel,Riordan Gatcliff,70,118.05,1981,1
"Bright Lights, Big City",Elianora Lipp,22,106.19,1966,5
"Beast Must Die, The",Tessy Pickvance,49,54.01,1978,1
Madeline,Stacey Pinkstone,125,188.81,1982,7
Iron Monkey (Siu nin Wong Fei-hung ji: Tit Ma Lau),Rinaldo Roff,76,58.67,2010,5
My Life So Far,Mitch D'Elias,64,199.45,1978,9
Shrink,Randal Grovier,128,210.56,1977,2
And Soon the Darkness,Isabel Kitchiner,99,205.11,1972,10
A Follower for Emily,Nissie Carlile,23,79.94,1961,9
Starred Up,Felizio Mulliner,185,75.9,1990,6
Absolute Power,Sarena Duckit,167,169.58,2018,1
Gasland Part II,Mariette Scolli,81,35.19,1982,7
Patlabor: The Movie (Kidô keisatsu patorebâ: The Movie),Heinrick Bampkin,173,74.54,1988,6
If These Walls Could Talk 2,Brant Pennicard,25,194.46,1992,4
"Heroic Ones, The (Shi san tai bao)",Maggee Guerin,133,110.51,1962,2
Notre jour viendra,Yorgo Gockeler,142,226.97,1980,4
"Crimson Permanent Assurance, The",Kristoforo Chivers,63,134.92,1972,4
Nightfall,Barnie Mauger,35,194.25,1972,2
Jamaica Inn,Klarika Karlsson,25,234.12,1974,8
At the Devil's Door,Nap Tyne,21,73.15,1996,8
Crazy People,Linzy Overal,159,200.1,1990,6
Superman vs. The Elite,Neron Bullant,45,215.33,2004,3
Being John Malkovich,Deloria Congreave,93,37.86,2009,6
Another Earth,Donna Ginni,58,243.64,1980,10
"Resurrected, The",Emylee Matasov,188,88.17,1993,2
Euridice BA 2O37 (Evridiki BA 2O37),Valentin Pinckney,100,240.53,1986,8
Storm Warning,Carmita Beggan,90,129.33,2016,2
Bad Guy (Nabbeun namja),Saunders MacIllrick,83,31.74,2005,10
Furry Vengeance,Marchall MacCurtain,81,133.41,2009,7
Georg,Rosamond Sainer,118,107.27,1990,7
Something's Gonna Live,Emelda Milton,95,170.39,1987,5
"Mad Adventures of Rabbi Jacob, the (Les Aventures de Rabbi Jacob)",Starr Terrans,179,30.23,1992,9
"War Tapes, The",Cheston Tripean,102,213.13,1975,3
Madame Satã,Elysee McBrier,54,122.96,2019,4
"Whistleblower, The",Shoshanna Ondrousek,71,134.05,1979,7
North & South,Tiebout Yurikov,95,52.76,1975,1
"Fine Madness, A",Tiphani Wasielewski,24,68.25,1979,4
Frozen,Carolann Farlow,181,131.96,2003,7
Fun in Acapulco,Sully Saulter,33,229.53,1986,7
Let's Not Get Angry (Ne nous fâchons pas),Kirstyn Lambregts,108,81.35,1996,6
Demon Wind,Kelsey Gatrill,87,174.39,1961,10
Broadcast News,Shari Hasnip,187,133.43,1980,2
"Fist of Fury (Chinese Connection, The) (Jing wu men)",Kariotta Thomazin,49,106.47,2006,2
"Decoy Bride, The",Ilyssa Flipsen,165,218.55,2000,10
Freeway II: Confessions of a Trickbaby,Hamish Ohanessian,133,41.1,1961,6
Bean,Loella Cuardall,197,212.63,1969,7
W.R.: Mysteries of the Organism,Cesare Clapshaw,156,236.8,2004,3
Rookie of the Year,Melessa Camacke,113,136.79,1977,1
Crimes Against Humanity,Raynell Stammers,91,90.86,1998,1
Spy Game,Jenilee McGaugan,88,169.22,1976,4
The Diary of an Unknown Soldier,Minda Hanhard,44,204.5,1977,9
Drei Stunden,Joyann Veel,132,60.97,2017,7
Lover's Knot,Alex Wollacott,165,148.02,1971,5
Bee Movie,Jordana Wardington,185,93.72,2019,7
"Guest, The",Camile Knibb,129,198.68,2008,10
James and the Giant Peach,Kore Chadbourne,89,186.33,2012,8
White Lightnin',Else Kinworthy,175,197.46,2018,9
City on Fire (Lung fu fong wan),Merissa Rapper,68,30.45,1966,8
Damnation (Karhozat),Vidovic Ericssen,196,213.79,2005,10
Amsterdamned,Nevin Presnell,89,73.66,1990,2
Man to Man,Talyah Steward,187,116.38,1973,5
Hotte in Paradise (Hotte im Paradies),Iver Longwood,110,170.6,1960,8
Hangover Square,Olia Betteriss,74,212.51,1988,1
Rust and Bone (De rouille et d'os),Bianca Jeger,21,139.72,1967,6
"Merry Widow, The",Viola Lamperti,130,235.24,1997,2
Australian Atomic Confessions,Avery Navaro,186,83.87,1983,4
Immigrants (L.A. Dolce Vita),Demetria Delatour,132,151.32,1960,1
Runaway Bride,Anallise Lawty,104,77.45,2015,7
Very Ordinary Couple (Yeonaeui Wondo),Sanson Broadway,131,34.07,1982,7
"Art of Travel, The",Archibaldo Jasper,98,42.95,1967,1
Come Blow Your Horn,Lancelot Sabberton,100,249.81,1969,2
Chasing Ice,Giralda Pitchford,160,211.0,1969,1
Georgia Rule,Rodolph Hillam,92,59.19,2004,8
Tevye,Jess Roblou,39,165.41,2004,8
Ain't in It for My Health: A Film About Levon Helm,Karlens Karlsen,96,163.98,2005,1
Killer at Large,Mathilde Dilliway,98,231.69,2012,5
Apartment 1303 3D,Torey Poppleton,189,31.7,1992,7
Brand Upon the Brain!,Ivory Geratt,32,205.0,1992,6
Kogel mogel,Dania Skally,107,126.94,1978,2
Ken Park,Valli McKinney,175,76.13,1977,4
"Pirates! Band of Misfits, The",Malchy Mapes,51,141.52,1987,10
Gloria,Alyosha Ritchie,120,240.1,1994,3
London,Julee Choudhury,131,74.18,2008,5
Marie and Bruce,Ivonne Handscomb,36,212.58,1992,1
Field of Dreams,Gerek Husthwaite,119,160.99,1999,3
Conquest of the Planet of the Apes,Bogey Berks,152,151.28,2003,9
Fun and Fancy Free,Allegra Probart,105,108.81,1973,3
Time After Time,Myranda Killby,112,42.81,2007,1
Bellissima,Even Scotter,118,161.81,1980,3
Callan,Michelle Yakuntzov,100,146.04,1961,2
Detroit Metal City (Detoroito Metaru Shiti),Sharia Griffen,24,118.67,2017,8
Bill Hicks: Relentless,Mel Kynvin,49,136.82,1965,4
Lost Boys: The Thirst,Rica Gaywood,155,37.1,1961,8
Queen of Montreuil,Ramona Cazalet,171,65.6,1969,8
Surplus: Terrorized Into Being Consumers,Yule Summergill,111,59.24,2008,10
The Seven Males,Hy Garshore,91,89.33,2017,5
High on Crack Street: Lost Lives in Lowell,Jeremie Fewkes,55,183.59,1971,9
Carnosaur 2,Dredi Cleworth,191,180.66,1982,1
Conflagration (Enjô),Sloane Swayton,152,36.35,2011,1
"Unbearable Lightness of Being, The",Mallissa Cooper,126,128.81,1983,8
Shark Skin Man and Peach Hip Girl (Samehada otoko to momojiri onna),Marleen Roland,192,227.32,1975,3
Knights of Bloodsteel,Karney Kupker,110,64.33,1960,8
I Start Counting,Travus Chadwell,184,196.07,1960,10
"Tree of Wooden Clogs, The (L'albero degli zoccoli)",Mackenzie Whissell,40,43.49,1967,5
"Alien Predator (Mutant II) (Falling, The)",Beauregard Ciobotaru,106,59.52,1964,7
Man with an Apartment (Czlowiek z M-3),Dawna Daunter,44,211.25,2010,6
Carmina and Amen (Carmina y amén),Dall Laba,69,98.25,1989,3
Old Boy,Letta Southan,159,212.64,1995,8
Cast a Giant Shadow,Modesta Rontsch,171,71.22,1981,6
McCullin,Selma Hurdwell,137,54.09,2016,4
Fracture,Warde State,80,33.16,1987,3
St. Trinian's,Lesley Macauley,148,169.29,2006,4
I Became a Criminal (They Made Me a Fugitive),Kendell Andrusyak,168,150.74,1964,2
Murders in the Zoo,Sebastian Pietzke,115,140.54,2008,2
Pygmalion,Massimiliano Cruttenden,196,239.17,1972,7
11-11-11 (11-11-11: The Prophecy),Adey Spur,78,244.53,2018,7
Dead Silence,Trude Keynd,60,31.11,1970,2
Clear History,Inesita Scarlan,128,121.56,1973,2
Miracle Mile,Kelly Mears,21,89.71,1976,6
"Zone, The (La Zona)",Luciano Ferebee,134,89.3,1986,2
Capital (Le capital),Jedediah McNeish,161,83.2,1963,8
"Machine, The",Dorie Yakubowicz,67,244.46,1999,3
Haiku Tunnel,Leonidas Simonassi,60,163.76,1963,6
Hollywood Ending,Nani Beynon,184,162.99,1993,5
Village of the Damned,Cherlyn Gayforth,49,51.05,2012,4
"Trials of Henry Kissinger, The",Abbie Farquhar,85,221.34,1996,9
Someone Like You (Unnaipol Oruvan),Sonia Hayes,68,233.67,1987,4
Into the Wild,Justen Bordone,85,80.06,1993,8
Last Life in the Universe (Ruang rak noi nid mahasan),Francois Orring,25,102.29,2018,5
When We Leave (Die Fremde),Michele Wiggam,77,142.41,1973,5
American Ninja 4: The Annihilation,Cobbie Kas,116,86.5,2007,8
"Last Dragon, The",Bayard Astles,77,51.09,1971,9
Small Town Murder Songs,Caitrin Lineker,131,149.22,1971,6
Just a Kiss,Emilia Vaan,165,105.58,2003,10
I Want Candy,Winston Agdahl,87,209.71,2003,3
Sister Kenny,Jo-ann Lilleyman,60,178.09,1992,2
Yonkers Joe,Evyn Stanlick,91,245.85,1961,6
McFarland USA,Gunther Barrs,49,138.13,1962,8
"Ten, The",Jerri Freshwater,26,162.06,1986,7
Patriot Games,Minta Kensett,134,105.08,1997,1
Sleepless Night (Nuit blanche),Nealson Mullally,128,75.5,1960,9
Shadow Kill,Latashia Callum,141,61.91,1985,7
"Masseurs and a Woman, The (Anma to onna)",Filippo Lorentz,191,104.23,1984,10
Inhale,Bev Brocklesby,143,148.46,1972,6
Bingo,Sibelle Morad,176,85.85,1962,8
In Your Dreams (Dans tes rêves),Kilian Smedley,190,170.81,2004,10
Captain Midnight,Marne Broom,45,186.43,1992,8
Eight Below,Christopher Sandcroft,43,240.71,1973,7
Daddy's Dyin'... Who's Got the Will?,Shelden Selman,134,86.48,2005,5
Return to House on Haunted Hill,Shell Creer,44,109.35,1990,1
"Talent Given Us, The",Lavinia Speirs,38,109.49,1974,7
"Clean, Shaven",Estel Stapford,147,151.53,1994,1
Antibodies (Antikörper),Anthiathia Stoyle,70,135.9,1984,7
Bedrooms & Hallways,Jorge Riddiough,126,32.93,1965,10
Loosies,Julietta Bras,181,83.84,1970,5
"Trouble with Harry, The",Shandy Edmonson,137,50.99,1982,4
"Fall of the House of Usher, The (House of Usher)",Alexi Povey,141,58.67,1981,8
Yo Yo (Yoyo),Thorpe Medmore,174,99.21,1961,7
Hotel Hell Vacation,Rory Loverock,115,143.15,1974,7
Crazy Horse,Conney Guidi,104,216.69,1988,8
"Marcello Mastroianni: I Remember Yes, I Remember (Marcello Mastroianni: mi ricordo, sì, io mi ricordo)",Susie Petronis,80,152.23,2006,6
"Honey, I Blew Up the Kid",Carlotta Pestell,79,129.38,1972,7
"Prelude to War (Why We Fight, 1)",Lulu Adcock,50,219.26,1966,6
Dirty Wars,Zachariah Jeste,93,154.39,2011,9
Codependent Lesbian Space Alien Seeks Same,Vallie Garroch,91,167.24,1964,4
Atlas Shrugged: Part II,Mirilla Scougall,153,184.96,2003,2
"Royal Scandal, A",Cleo Briddock,37,249.69,1970,9
The Empty Hours,Susette Baszniak,28,214.27,2015,10
The Sea Vultures,Marnie Osler,152,50.99,2005,7
Pride and Prejudice,Goldi Szimoni,147,240.13,1994,2
"Kids, The (Mistons, Les) (Mischief Makers, The)",Husein Gogay,175,171.8,2001,1
"Grand Day Out with Wallace and Gromit, A",Napoleon Happert,128,87.22,2006,8
Mission: Impossible III,Borden Charer,138,172.32,1967,4
House of Dark Shadows,Daryn Bonnette,20,107.49,1964,4
Bring It On: Fight to the Finish,Sayre Simkins,109,69.88,1966,10
I Give It a Year,Miller Gadault,130,47.03,1989,5
"Devil and Daniel Webster, The (All That Money Can Buy)",Faber Oattes,102,171.76,2010,5
Kiki,Laurens Parminter,165,187.65,2006,6
"Ring Finger, The (L'annulaire)",Emogene Batterbee,97,198.53,1963,8
"Men, Women & Children",Adelind Gallemore,195,165.01,1964,8
"Tall Guy, The",Herman Chatto,136,190.39,1979,10
Rockin' in the Rockies,Nero Dorbin,84,168.32,1997,1
Charlie Chan's Courage,Bart Ouslem,176,241.55,2011,1
Sound and Fury,Madelin Saffell,23,112.13,2015,3
Police Academy,Nikaniki Twidale,167,181.55,1967,9
"What to Do in Case of Fire (Was tun, wenn's brennt?)",Doti Tarbert,184,227.55,2006,3
Reel Rock 7 ,Emmy Whittle,142,222.22,2010,1
Marvin Hamlisch: What He Did for Love,Manon Rubie,71,126.88,1976,4
"Merry War, A",Caprice Connors,60,102.72,1965,6
"Magic of Méliès, The (magie Méliès, La)",Sean Fairbrass,127,50.26,1962,9
Henry's Crime,Isacco Ammer,118,167.04,2019,1
Georgia,Erskine Tomovic,72,145.58,2019,4
"V.I.P.s, The",Sherwynd Yoodall,126,60.0,1994,4
Suur Tõll,Johnathan Matteris,24,87.45,1989,10
Chilly Scenes of Winter (Head Over Heels),Leta Huxstep,196,32.65,1981,6
Class of Nuke 'Em High,Leoline Beat,108,203.59,2015,3
Leave It to Beaver,Berty Romayn,186,101.06,1991,3
"Cry in the Dark, A",Grata Ernshaw,131,49.79,1968,6
Sniper,Ellery Rother,58,143.16,1984,2
Botched,Catharine Van Der Weedenburg,97,115.12,1970,9
Remonstrance,Eric Canas,118,177.46,1974,6
"Card Player, The (Il cartaio)",Brade Klimowski,91,124.03,2018,1
Billy Jack,Townsend Proudman,136,236.34,2001,7
"Hurricane, The",Ellsworth McGrudder,141,82.08,2000,3
Lights in the Dusk (Laitakaupungin valot),Aguistin Ander,199,104.05,1970,1
Gladiator,Sheffield Flavelle,39,234.79,1979,7
My Lucky Stars (Fuk sing go jiu),Nobie Cummins,59,131.42,1960,9
Grace of Monaco,Franciska Ridgley,64,151.22,1976,7
Anna Karenina,Valaria Ivanyushin,184,124.26,2005,6
Transamerica,Esra Akers,65,62.46,1981,3
Amen.,Xymenes Dizlie,105,170.11,2016,5
Hope Floats,Milty Manlow,181,240.19,2000,10
"Nine Lives of Tomas Katz, The",Kylila Horick,130,135.14,1980,2
Kill Theory,Shepard Heugle,196,69.1,1960,1
If....,Oliver Gahan,115,214.95,1981,1
Route 666,Barny Neljes,175,35.05,1994,9
"Mattei Affair, The (Il caso Mattei)",Derick Record,36,35.37,1969,9
Alice in Wonderland,Bernie Dairton,76,52.05,1971,1
Gentlemen of Fortune (Dzhentlmeny udachi),Kristien Cheel,138,128.7,1961,3
Red Tails,Janis Geraudel,179,93.58,2007,10
High Spirits,John Cloney,104,124.39,1978,10
Miraculum,Ambur Di Meo,139,84.81,2017,1
100 Ways to Murder Your Wife (Sha qi er ren zu),Lelah McGonigal,54,243.03,2016,2
"Day the Earth Caught Fire, The",Letisha Joiner,66,50.35,1992,4
Surviving Christmas,Shaun Pentelo,98,47.46,1991,9
I Met Him in Paris,Ranee Dallimore,24,226.77,2011,4
Mi Amigo Hugo,Honor Knightsbridge,154,54.07,2020,3
Flamenco (de Carlos Saura),Moselle Brindley,153,179.95,1986,8
"Night Strangler, The",Caresse Corder,120,44.47,1966,7
"Charge of the Light Brigade, The",Monty Snyder,112,233.69,2004,5
Oliver Twist,Delphine Skowcraft,145,137.88,2010,9
"Abominable Dr. Phibes, The",Gunther Hamley,167,109.64,2017,7
Wadjda,Gail Kester,111,34.15,1970,8
"Clown, The",Kanya Skewes,166,133.76,2018,2
Time Lapse,Caron McEntagart,100,220.65,1997,7
I Know What I Saw,Margeaux Rosa,82,94.06,1972,2
Chouchou,Dion Bovaird,42,223.14,2014,1
Pigs and Battleships (Hogs and Warships) (The Flesh Is Hot) (Buta to gunkan),Dino Gresham,85,94.09,1963,2
Stealing Rembrandt (Rembrandt),Spencer Chidley,62,169.15,2003,8
"Simple-Minded Murder, The (Enfaldige mördaren, Den)",Helenka Crome,152,199.38,2002,3
Top Dog,Yardley Meechan,49,45.43,1965,9
"Ten Shrews, The (Kymmenen riivinrautaa)",Fredrick Pettie,164,154.38,2001,10
Watermarks,Maxie Oselton,102,56.08,1963,7
Midnight Express,Lena Cowlas,31,120.14,2020,4
Battling Butler,Carly Whilder,173,42.96,2019,3
Magnificent Warriors (Zhong hua zhan shi),Jonis Petrasch,48,117.62,2015,4
"Last Sunset, The",Cyndi Tinham,138,80.1,1982,2
Good Luck Chuck,Carleen McGarvie,182,123.8,2013,9
Godzilla vs. The Sea Monster (Gojira-Ebira-Mosura: Nankai no daiketto),Ingeberg Abraham,187,78.18,1965,10
"Cheerleaders, The",Isac Taffurelli,109,71.95,1994,2
"Seagull's Laughter, The (Mávahlátur)",Rebekah Caldaro,95,88.58,1987,9
Dodge City,Thorsten Harrowing,35,216.85,1997,3
"Tale of Two Cities, A",Elyn Walework,164,155.4,2013,6
Scorpio,Bunny Morrow,147,82.76,2006,6
Sky Fighters (Les Chevaliers Du Ciel),Tillie Farndale,117,103.23,1981,2
Suite Française,Issi Birkin,107,54.46,1991,7
Best of the Best 2,Darius Pfeiffer,168,73.86,1967,1
Boiler Room,Frans Brookson,43,159.21,1994,3
Into the Deep,Alexi Thring,142,186.43,1986,10
Coming to America,Renate Strippling,101,75.39,1976,7
Nobody Will Speak of Us When We're Dead (Nadie hablará de nosotras cuando hayamos muerto),Gayelord Auguste,117,81.62,2012,4
3 Sailors and a Girl (Three Sailors and a Girl),Rosanna Deluze,83,109.57,1990,10
Murmur of the Heart (Le souffle au coeur),Fraze Vasilenko,152,104.34,2001,9
Murder on Monday,Kathleen Dobrovsky,93,91.3,1989,8
Austin High,Bethany Alldridge,78,145.71,1986,2
Two Weeks in Another Town,Buddie Satchel,119,228.51,1984,1
Hard to Kill,Henka Plom,104,134.04,1982,4
Somebody Up There Likes Me,Gabbie Cairns,95,73.88,1960,4
Around the World in 80 Days,Elwira Ducket,121,174.21,1973,8
"Narrow Margin, The",Bertram Afield,54,220.13,1995,3
"Swell Season, The",Don Mabone,195,90.98,2015,9
Trust Me,Cullen Simkins,133,112.42,1970,6
Bridegroom,Hobie Gready,108,205.43,1969,6
Target,Maurise Schumacher,109,227.06,1986,1
Shut Up and Play the Hits,Tad McMurray,63,212.12,1995,1
Critters 3,Abigale Placide,56,92.47,1979,4
"Strayed (égarés, Les)",Gwen Sinden,135,164.02,1986,3
Border Incident,Noella Dearlove,185,33.28,1978,4
"Royal Scandal, The",Claude Grace,126,218.43,1967,4
Pledge This!,North Million,152,247.03,2010,6
Where the Heart Is,Birch Wakeford,74,214.74,2003,1
Dead Meat,Giacinta Lilburn,86,97.63,2010,9
The Stone Council,Myer Helsdon,167,34.34,1991,4
Heartburn,Charlena Adnam,161,137.9,2002,5
Kill Bill: Vol. 2,Devin Sugars,192,171.33,2019,5
Shane,Osborne Whistan,74,108.85,1975,5
"Color Wheel, The",Mariska Morgan,123,120.16,1972,2
The Nutcracker in 3D,Mohandis Collumbell,102,226.94,1992,4
College Road Trip,Sherie Ferraron,23,233.81,1974,9
Identity,Matti De la Feld,77,190.65,1972,7
Kapò,Lianne Baudi,77,161.57,1999,2
Nick Fury: Agent of S.H.I.E.L.D.,Harlen Dell'Abbate,112,31.57,1984,1
French Film,Jon Oran,182,191.58,1976,6
Dragon Ball: Sleeping Princess in Devil's Castle (Doragon bôru: Majinjô no nemuri hime),Corrie Wadeson,197,196.25,1993,3
Marilena de la P7,Carmon Durram,79,191.84,2009,5
Five Minutes to Live,Gerrie Howis,140,210.88,1980,3
Drum,Ninnette Tynnan,154,137.64,1980,2
"Me Two (Personne aux deux personnes, La)",Dorri Panton,79,74.69,1992,4
Taken,Randi Connick,165,104.99,2006,4
Two Much,Paddie Kurth,74,222.01,1992,8
Louis Theroux: Law & Disorder,Lorain Dundredge,148,130.33,1999,5
Batman Unmasked: The Psychology of the Dark Knight,Benni Sherebrooke,110,39.53,1968,5
Lake of Fire,Karly Kernaghan,102,231.93,1989,3
"My Wife, A Body to Love",Carola Mc Cahey,173,180.79,2017,10
Air Force One,Valentino Helm,193,244.84,2012,8
Trishna,Sherline Sinden,135,159.88,2016,9
Wilderness,Beatrice Goeff,73,91.21,2018,3
From the Hip,Oralla Kellet,76,61.12,1986,10
Castle of Blood,Burke Winchcombe,33,202.05,2016,1
Anton Chekhov's The Duel,Richard Harwick,154,103.35,2010,1
3 Little Ninjas and the Lost Treasure,Dorene Paddefield,134,118.82,2018,3
For Love and Gold (L'armata Brancaleone),Daile Clowney,100,68.54,1982,1
Brian's Song,Cortie Klus,82,135.79,1989,4
Caramel (Sukkar banat),Rowe Vahey,169,99.86,2005,9
Leatherheads,Anneliese Disman,186,248.04,1961,1
Cloud Atlas,Wynne Grafham,73,249.68,1961,6
"Messenger, The",Vanya Richardon,23,227.14,1988,6
The Suspicious Death of a Minor,Boy Soeiro,137,171.92,1966,10
D-War (Dragon Wars),Maurice Spancock,196,109.59,1987,7
Above Us Only Sky,Myrilla Harwood,153,174.87,2006,4
Alone in the Wilderness,Cass Skipton,50,56.53,2001,1
Harry and Walter Go to New York,Amargo Bredgeland,130,101.34,1974,9
Night Patrol,Miran Cuttell,200,157.45,2020,7
Cameron's Closet,Jacquie Scaysbrook,86,55.61,2009,7
From One Second to the Next,Jacquenetta Andell,165,151.22,1973,4
"Bakeneko: A Vengeful Spirit (Kaibyô nori no numa) (Ghost-Cat Cursed Pond, The)",Vicky Phant,85,192.95,2017,1
The Widow From Chicago,Abigale Winslade,21,132.22,1997,6
"Manchurian Candidate, The",Lorelle Ducarne,178,216.45,1993,9
Space Jam,Sheelagh Probin,199,174.81,2012,7
Coal Miner's Daughter,Willie Easeman,111,154.63,1982,6
King Kelly,Barclay Vickerstaff,51,49.41,1976,5
Apache,Crysta Drohane,188,75.53,1964,3
"Game of Death, The (Le Jeu de la Mort)",Hamid Hounson,22,207.62,2001,9
"Good Mother, The",Farand Serjeant,155,248.63,1982,2
Battle Hymn,Sherlocke Whyman,89,157.22,1997,4
Sun Wind (Aurinkotuuli),Adelle Kiely,128,173.22,2014,3
Restrepo,Conny Furnival,127,166.95,1965,8
"Whole Ten Yards, The",Talia Chattelaine,191,129.0,1988,1
"Point Men, The",Lorin Crossthwaite,179,124.5,1961,9
How the Grinch Stole Christmas!,Windham Abelson,29,88.08,1991,7
Horse Feathers,Sheilah MacNeillie,194,168.38,2018,4
Helter Skelter,Barbette Rosin,179,152.93,1961,10
Pusher,Daphene Marrow,120,196.54,2013,10
Grey Gardens,Casie Moors,27,132.79,1991,2
"Wheel, The (La Roue)",Candice McArthur,92,223.94,1981,10
Little Women,Jorie Longhi,30,141.23,1981,7
Scratch,Jed Robak,190,187.69,2015,1
Mobsters,Zared Oselton,173,135.24,1998,5
"Wizard of Baghdad, The",Sandi Dougan,171,209.74,1986,2
Jurassic Park,Rachel Skittles,109,56.01,1977,10
"Angel at My Table, An",Jemmie Demougeot,78,40.32,2010,8
16 Years of Alcohol,Parsifal Castangia,126,96.67,2006,10
Lovecraft: Fear of the Unknown,Brittan Jeanes,190,170.87,1962,2
Rammbock,Briggs Abrahamsen,53,238.07,1961,7
Made of Honor,Kaitlyn Hamer,180,243.19,1972,4
Anvil! The Story of Anvil,Bard Librey,99,47.5,2016,2
Stage Fright,Sisely Malan,43,81.8,2014,7
"Fourth State, The (Die vierte Macht)",Margie Haworth,171,79.99,1982,3
"Reivers, The",Cynde Barenskie,189,74.13,1997,5
The Next Voice You Hear....,Ynes Demogeot,31,79.83,1969,1
Dane Cook: Vicious Circle,Franny McInnes,170,206.03,1967,5
Renaissance,Lottie Stollenwerck,160,104.98,2011,3
Company Business,Kaia Remmers,142,174.98,1989,9
"Going Places (Valseuses, Les)",Vale Halson,99,62.75,1974,5
Crocodile (Ag-o),Terencio Ling,127,79.74,2012,3
"Sign of Four, The",Dulcie Bille,26,167.59,1969,7
Killers,Rogerio Muzzlewhite,137,84.63,1975,8
In Dreams,Mona Eddy,187,208.83,1980,7
Bleak House,Farra Muggleston,197,199.91,2015,8
Bloomington,Tamma Hove,94,167.25,2013,1
Run Lola Run (Lola rennt),Aloin Shiels,98,69.01,1980,10
Green Fire,Latisha Ivory,67,168.63,2003,5
Maiden's Cheek (To xylo vgike apo ton Paradeiso),Shannan Notti,193,235.17,1963,6
"Expert, The",Chad McNevin,111,159.93,2000,6
First Strike (Police Story 4: First Strike) (Ging chaat goo si 4: Ji gaan daan yam mo),Christian Ilyuchyov,185,111.0,1980,10
Clay Pigeons,Hort MacMakin,121,104.53,1992,9
"Happy, Texas",Jaclyn Cassin,72,63.15,1990,4
From Morn to Midnight (Von morgens bis Mitternacht),Burty Fetherstone,37,217.96,1988,4
Virgin Stripped Bare by Her Bachelors (Oh! Soo-jung),Flinn Marr,38,87.22,1984,7
Afterschool,Stinky Pratte,96,224.72,1981,8
"Pit and the Pendulum, The",Matty Charnock,105,66.53,1995,5
Flesh and Bone,Domingo Fairham,160,188.84,1999,3
"Honest Liar, An",Ofella Rays,93,99.56,1994,1
"Colors of the Mountain, The (Los colores de la montaña)",Enrichetta Sheach,191,188.8,1974,2
Oki's Movie (Ok-hui-ui yeonghwa),Anderson Campanelle,200,107.77,1987,8
That Forsyte Woman,Jami Hutchason,128,84.46,1997,3
Heaven Can Wait,Diane-marie McNelly,119,205.69,1971,5
Once a Thief (Zong heng si hai),Dede Linner,96,117.62,2010,1
Transylvania,Teriann Traill,157,88.54,1966,1
"Da Vinci Code, The",Maressa Ream,70,201.9,1970,4
Blackbird,Saba Phillot,86,87.9,1971,6
"Cab for Three, A (Taxi para tres)",Kerstin Snalom,49,140.32,1963,3
Babies (Bébé(s)),Sim Clausen,69,215.01,1968,7
Heartlands,Jo ann Biasioni,139,104.8,2016,9
Sky West and Crooked (Gypsy Girl),Howard McPhee,126,149.28,1990,6
Nobody Walks,Nevsa Langstaff,157,70.24,1996,7
Ring of Bright Water,Ailina Teligin,97,146.15,2020,1
Attila (Attila the Hun),Arline Drew-Clifton,176,31.95,1964,4
Fade to Black,Ly Pilmore,135,117.46,1960,7
"Dead Girl, The",Ezechiel Hoggan,47,41.14,1968,2
Baby Doll,Karen Hussey,131,56.61,1985,8
Noah's Ark,Pieter Scholar,22,247.61,1973,9
Münchhausen,Nessie Mertin,112,218.18,1980,4
(Untitled),Vance Denton,90,87.68,1997,1
Blonde Crazy,Grete Thridgould,83,37.13,1994,9
"Dirty Dozen: Next Mission, The",Joanna Wylie,138,160.0,1970,1
Hello Down There,Aubert Garm,124,116.5,1994,7
Collapse,Leeann Beeton,80,161.62,1976,9
Young Gods (Hymypoika),Louis Kinkaid,25,133.93,2013,9
Outlaw of Gor,Ardelia Hennington,28,91.23,1965,3
David and Lisa,Sunny Levin,125,44.66,1974,1
"Girl From Paris, A (hirondelle a fait le printemps, Une)",Evangelia Uzielli,151,184.12,2007,4
Entity,Quentin Oldfield-Cherry,108,233.59,1974,1
[REC]²,Sandie Hedditch,44,34.63,2001,1
Belizaire the Cajun,Saudra Covotto,67,189.88,2006,4
Hobson's Choice,Brigit Pahl,109,54.27,1965,4
"Acid House, The",Kittie Faithfull,31,98.41,2008,6
Dear Jesse,Christiana Crane,118,118.68,1994,1
Young and Innocent,Raeann Kobu,67,187.85,1962,3
"Conversation, The",Lilllie Nehlsen,168,191.73,2003,8
"Woman on the Beach, The",Torey Keoghane,96,202.03,2020,6
Iron Eagle IV,Berte Holborn,111,97.53,2001,5
"Parent Trap, The",Hortensia Rantoul,150,203.43,2020,10
Topper Returns,Travis Hoyte,157,33.82,1965,2
Zachariah,Ailey Petts,57,239.19,2019,6
"47 Ronin, The (Genroku Chûshingura)",Allard O'Sheilds,172,106.89,1994,8
Factotum,Keen Lambert-Ciorwyn,159,169.24,2018,4
Eight Days a Week,Doti Elsley,28,196.63,2005,5
Generation Iron,Zorina Geeraert,157,235.07,1963,6
"Squid and the Whale, The",Christen Schaben,80,82.5,1988,9
Jack Frost,Korella Proby,65,149.74,2002,2
"Saint, The",Ingrim Dairton,65,225.5,1996,4
One Day,Kalindi Eglington,185,135.81,2020,10
"Mist, The",Luz Genn,161,190.73,2006,7
"Big Bang Love, Juvenile A (46-okunen no koi)",Elliot Siemianowicz,169,138.41,1993,7
Steamboy (Suchîmubôi),Grantham Slowgrove,54,184.85,1968,8
"Marriage Circle, The",Birk Hasloch,156,142.02,1966,9
Fire Birds,Hewitt Coudray,174,247.26,1974,3
"Marrying Man, The (Too Hot to Handle)",Noreen Ashtonhurst,70,143.96,1976,4
Fetishes,Krissie MacCartair,193,86.23,1963,4
Blubberella,Ketty Heaton,198,106.84,1988,10
Family Weekend,Maison Crofts,155,51.68,1967,9
"War Lord, The",Harrietta Manuello,185,213.75,2012,3
For the Love of a Dog,Isobel Le Provest,112,139.73,2006,10
"Bohemian Life, The (La vie de bohème)",Michaela Tiffney,146,62.46,1972,10
Captain Ron,Merrielle Lowen,193,77.82,1994,6
Message to Love: The Isle of Wight Festival,Van Tilliard,41,140.21,1974,9
"Girl in the Park, The",Rufus Brayfield,89,163.58,1981,1
10 Years,Frasquito Fellini,104,208.41,1960,1
Katsastus,Odo Chaffyn,200,149.97,1960,3
Excuse My Dust,Maddy Bayliss,120,193.04,2017,10
Adam's Apples (Adams æbler),Eugenie Pelham,160,75.91,1965,6
Sanatorium,Corey Bolland,31,70.04,2014,8
Lady Liberty,Ransom Hanwright,199,175.49,1974,4
Bliss (Mutluluk),Elnora Cross,119,241.91,2013,5
"High Tech, Low Life",Mindy Tulip,46,215.88,1966,6
Muppets Most Wanted,Allianora MacGibbon,123,181.69,1982,6
Jesse Stone: Night Passage,Gretal Regan,163,101.16,1960,5
The Forgotten Woman,Valry Tabbernor,160,42.07,1980,9
Chances Are,Courtnay Voice,159,96.24,2011,7
Doggiewoggiez! Poochiewoochiez!,Thekla Ellicott,122,186.61,1960,2
Cave of Forgotten Dreams,Bernarr Witnall,68,196.32,2005,2
"Not Quite Hollywood: The Wild, Untold Story of Ozploitation!",Barry Palfreyman,199,109.72,1976,9
"Very British Gangster, A",Karole Dabbs,198,209.83,1973,1
Biker Boyz,Vanya Dinsdale,69,57.11,2008,1
Don Verdean,Tyne Naismith,101,200.01,2004,6
Footloose,Leta Cromett,122,53.41,2018,6
Süperseks,Will Frantzeni,153,136.07,1970,10
Spaceballs,Robert Fitzpayn,116,111.83,2002,10
Defense of the Realm,Concettina Mallatratt,145,169.31,1984,8
Cornered,Jess Melior,58,118.06,1975,1
"Tourist, The",Theo Lindbergh,131,193.76,1967,6
One Way Passage,Maurise Michael,108,218.72,2008,2
Black on White (Mustaa valkoisella),Antonietta Lordon,142,68.53,1961,1
"Trip, The",Dicky Pala,167,55.92,1998,2
Dead of Night,Lilly O' Mahony,119,208.79,1970,6
"Mother's Courage: Talking Back to Autism, A",Pollyanna Bassingham,91,172.49,2013,7
Dogtooth (Kynodontas),Merill Schimek,117,176.78,2017,3
Defiance,Idelle Gilroy,23,178.65,1987,6
Last Stand At Saber River,Elsinore Massot,47,47.13,1979,5
Critters 3,Robinson Avann,21,130.68,2009,6
Swing,Lutero Castell,146,220.85,1976,2
Ivanhoe,Any Crosen,164,91.95,2013,1
For Greater Glory: The True Story of Cristiada,Mimi Gilogly,163,159.15,1998,3
Night of the Comet,Angie Davison,46,30.41,2008,1
Aladdin and the King of Thieves,Carmela Cameron,158,135.5,1997,8
Sangre de mi sangre (Padre Nuestro),Gill Withams,198,215.32,1983,1
"Seven Little Foys, The",Sherwin Stable,182,133.14,2014,3
"Eye, The",Haley Ghioni,24,247.15,1968,5
Alice in Murderland,Dorian Lamartine,105,188.66,1980,6
Best Man Down,Maude Deering,182,44.17,1992,8
Swimming,Elly Coventon,167,248.76,2003,2
Jerry Springer: Ringmaster,Theda Haldon,134,67.69,2020,4
Alone for Christmas,Crystie Rounsivall,108,143.91,1990,2
Creep Van,Dannye Elven,198,52.53,2011,2
American History X,Ban Vautrey,195,85.17,1980,3
The War at Home,Hussein Penna,152,98.94,1972,9
Ratatouille,Lory Leabeater,27,118.87,1968,6
Wallace & Gromit: The Wrong Trousers,Izzy Tomsa,102,103.23,1999,8
Trick or Treat,Giffard Mailey,195,186.11,1987,8
House of Angels (Änglagård),Moreen Atyea,169,203.56,1983,7
"Matter of Taste, A (Affaire de Goût, Une)",Conn Brunt,179,212.24,1992,9
"Cat in the Hat, The",Kennan Summerly,154,94.23,2004,8
"Foul King, The (Banchikwang)",Otes Bernardinelli,184,136.84,2007,1
Cloak and Dagger,Wolf Ullett,21,139.85,1989,3
Last Days,Nikolos Vooght,185,78.37,1967,8
One Body Too Many,Aldon Rhodef,142,102.12,2006,8
Who Is Harry Nilsson (And Why Is Everybody Talkin' About Him?),Paulie Hulett,148,166.65,1995,5
Suspicion,Wat Chapelhow,191,94.69,1996,5
Vacuum-Cleaner Salesmen (Pölynimurikauppiaat),Yurik Notti,57,236.7,1979,1
Lust for Gold,Cathee Rotter,21,204.55,1972,8
The Hanoi Hilton,Waylan Fetteplace,189,42.01,2006,6
Highlander: Endgame (Highlander IV),Rhody Hunton,126,246.22,1967,7
"Life and Times of Judge Roy Bean, The",Asher Side,25,31.77,1988,7
The New Girlfriend,Ransom Brittan,97,123.14,1986,9
Vision (Vision - Aus dem Leben der Hildegard von Bingen),Birgitta Sanderson,20,225.57,1987,8
Captain America,Olympia Salterne,47,37.71,2013,7
I Am a Fugitive from a Chain Gang,Freemon Gullick,132,154.71,1995,8
"Egg and I, The",Denni Shurlock,38,209.24,1982,4
Flicker (Flimmer),Jacquelin Carlucci,63,43.75,1962,1
Knights of Bloodsteel,Kanya Guerrazzi,136,38.46,1990,1
Mo' Money,Chaddy Larn,128,115.41,1965,9
B.F.'s Daughter,Hewie Hexham,73,219.58,1999,2
American Promise,Jacqueline Tander,158,141.13,2020,10
"One and Only, The (Eneste ene, Den)",Calvin Talks,141,200.79,2018,2
Superclásico,Randa Rhodef,138,86.74,1992,5
